CustomerID,State,City,Gender,Senior Citizen,Partner,Dependents,Tenure Months,Phone Service,Multiple Lines,Internet Service,Online Security,Online Backup,Device Protection,Tech Support,Streaming TV,Streaming Movies,Contract,Paperless Billing,Payment Method,Monthly Charges,Churn Value
0002-ORFBO,California,Frazier Park,Female,0,1,0,9,1,0,1,0,1,0,1,1,0,1,1,1,65.6,0
0003-MKNFE,California,Glendale,Male,0,0,0,9,1,1,1,0,0,0,0,0,1,0,0,1,59.9,0
0004-TLHLJ,California,Costa Mesa,Male,0,0,0,4,1,0,1,0,0,1,0,0,0,0,1,1,73.9,1
0011-IGKFF,California,Martinez,Male,1,1,0,13,1,0,1,0,1,1,0,1,1,0,1,1,98,1
0013-EXCHZ,California,Camarillo,Female,1,1,0,3,1,0,1,0,0,0,1,1,0,0,1,1,83.9,1
0013-MHZWF,California,Midpines,Female,0,0,1,9,1,0,1,0,0,0,1,1,1,0,1,0,69.4,0
0013-SMEOE,California,Lompoc,Female,1,1,0,71,1,0,1,1,1,1,1,1,1,1,1,0,109.7,0
0014-BMAQU,California,Napa,Male,0,1,0,63,1,1,1,1,0,0,1,0,0,1,1,0,84.65,0
0015-UOCOJ,California,Simi Valley,Female,1,0,0,7,1,0,1,1,0,0,0,0,0,0,1,1,48.2,0
0016-QLJIS,California,Sheridan,Female,0,1,1,65,1,1,1,1,1,1,1,1,1,1,1,1,90.45,0
0017-DI0C,California,Rancho Santa Fe,Male,0,0,0,54,0,0,1,1,0,0,1,1,0,1,0,0,45.2,0
0017-IUDMW,California,Sunnyvale,Female,0,1,1,72,1,1,1,1,1,1,1,1,1,1,1,0,116.8,0
0018-NYROU,California,Antelope,Female,0,1,0,5,1,0,1,0,0,0,0,0,0,0,1,1,68.95,0
0019-EFAEP,California,La Mesa,Female,0,0,0,72,1,1,1,1,1,1,0,1,0,1,1,0,101.3,0
0019-GFNTW,California,Los Olivos,Female,0,0,0,56,0,0,1,1,1,1,1,0,0,1,0,0,45.05,0
0020-INWCK,California,Woodlake,Female,0,1,1,71,1,1,1,0,1,1,0,0,1,1,1,0,95.75,0
0020-JDNXP,California,Point Re1 Station,Female,0,1,1,34,0,0,1,1,0,1,1,1,1,1,0,1,61.25,0
0021-IKXGC,California,San Marcos,Female,1,0,0,1,1,1,1,0,0,0,0,0,0,0,1,1,72.1,0
0022-TCJCI,California,Daly City,Male,1,0,0,45,1,0,1,1,0,1,0,0,1,1,0,0,62.7,1
0023-HGHWL,California,Morgan Hill,Male,1,0,0,1,0,0,1,0,0,0,0,0,0,0,1,1,25.1,1
0023-UYUPN,California,Ahwahnee,Female,1,1,0,50,1,1,0,0,0,0,0,0,0,1,0,1,25.2,0
0023-XUOPT,California,Carnelian Bay,Female,0,1,0,13,1,1,1,0,1,1,0,1,0,0,0,1,94.1,1
0027-KWYKW,California,Alpaugh,Female,0,1,1,23,1,1,1,0,0,0,0,1,0,0,1,1,83.75,0
0030-FNXPP,California,Keeler,Female,0,0,0,3,1,0,0,0,0,0,0,0,0,0,0,1,19.85,0
0031-PVLZI,California,Korbel,Female,0,1,0,4,1,0,0,0,0,0,0,0,0,0,0,1,20.35,1
0032-PGELS,California,Palomar Mountain,Female,0,1,1,1,0,0,1,1,0,0,0,0,0,0,0,0,30.5,1
0036-IHMOT,California,Parlier,Female,0,1,1,55,1,0,1,0,1,1,1,1,1,1,1,0,103.7,0
0040-HALCW,California,Modesto,Male,0,1,1,54,1,0,0,0,0,0,0,0,0,1,0,0,20.4,0
0042-JVWOJ,California,Glen Ellen,Male,0,0,0,26,1,0,0,0,0,0,0,0,0,1,1,0,19.6,0
0042-RLHYP,California,Eureka,Female,0,1,1,69,1,0,0,0,0,0,0,0,0,1,0,0,19.7,0
0048-LUMLS,California,Moss Beach,Male,0,1,1,37,1,0,1,0,0,0,0,1,1,1,0,0,91.2,0
0048-PIHNL,California,Los Angeles,Female,0,1,0,49,1,0,0,0,0,0,0,0,0,1,0,0,20.45,0
0052-DCKON,California,Los Angeles,Male,0,1,0,66,1,1,1,1,1,1,1,1,1,1,0,0,115.8,0
0052-YNYOT,California,Calexico,Female,0,0,0,67,1,0,0,0,0,0,0,0,0,1,0,1,20.55,0
0056-EPFBG,California,Redding,Male,0,1,1,20,0,0,1,1,0,1,1,0,0,1,1,0,39.4,0
0057-QBUQH,California,San Martin,Female,0,0,1,43,1,1,0,0,0,0,0,0,0,1,1,1,25.1,0
0058-EVZWM,California,Stockton,Female,0,1,0,55,1,1,1,1,0,0,0,1,0,0,1,0,89.8,0
0060-FUALY,California,Los Angeles,Female,0,1,0,59,1,1,1,1,1,0,0,1,0,0,1,1,94.75,0
0064-SUDOG,California,Huntington Park,Female,0,1,1,12,1,0,0,0,0,0,0,0,0,1,0,0,20.3,0
0064-YIJGF,California,Yermo,Male,0,1,1,27,1,1,1,0,0,0,0,0,0,0,1,0,75.75,0
0067-DKWBL,California,Tipton,Male,1,0,0,2,1,0,1,1,0,0,0,0,0,0,1,1,49.25,1
0068-FIGTF,California,Fremont,Female,0,0,0,27,1,0,1,0,1,1,1,1,1,1,0,1,78.2,0
0071-NDAFP,California,Santa Rosa,Male,0,1,1,25,1,1,0,0,0,0,0,0,0,1,0,0,25.5,0
0074-HDKDG,California,San Jose,Male,0,1,0,25,1,0,1,1,1,1,0,0,0,1,1,0,61.6,0
0076-LVEPS,California,Tujunga,Male,0,0,1,29,0,0,1,1,1,1,1,0,0,0,1,1,45,0
0078-XZMHT,California,Visalia,Male,0,1,0,72,1,1,1,0,1,1,1,1,1,1,1,0,85.15,0
0080-EMYVY,California,Lodi,Female,0,0,0,14,1,0,1,0,1,0,0,0,0,1,0,0,51.45,0
0080-OROZO,California,El Portal,Female,0,0,0,35,1,0,1,0,0,1,1,1,1,1,1,1,99.25,0
0082-LDZUE,California,Calistoga,Male,0,0,0,1,1,0,1,0,0,0,0,0,0,0,1,1,44.3,0
0082-OQIQY,California,Farmington,Male,0,0,0,29,1,0,1,0,0,0,1,1,1,0,1,1,94.2,0
0083-PIVIK,California,Tulelake,Male,0,0,0,64,1,1,1,1,1,1,1,1,0,1,0,1,81.25,0
0089-IIQKO,California,Coleville,Female,0,1,1,39,1,1,1,0,0,0,1,1,1,0,1,0,99.95,0
0093-EXYQL,California,Ojai,Female,1,0,0,40,1,0,1,0,0,0,0,1,1,0,1,1,91.55,0
0093-XWZFY,California,Desert Hot Springs,Male,0,0,0,40,1,1,1,0,1,1,0,1,1,0,1,0,104.5,1
0094-OIFMO,California,0rth Hollywood,Female,1,0,1,11,1,0,1,0,1,0,0,1,1,0,1,1,95,1
0096-BXERS,California,Inverness,Female,0,1,0,6,1,1,1,0,0,0,0,0,0,0,0,1,50.35,0
0096-FCPUF,California,Santa Rosa,Male,0,0,0,30,1,1,1,1,0,0,0,0,1,0,1,1,64.5,0
0098-BOWSO,California,San Jose,Male,0,0,0,27,1,0,0,0,0,0,0,0,0,0,1,1,19.4,0
0100-DUVFC,California,Wilmington,Male,1,1,0,70,1,1,1,0,1,1,0,1,1,1,1,1,104.8,0
0103-CSITQ,California,Modesto,Female,0,1,0,57,1,1,1,0,1,1,1,1,1,1,1,0,109.4,0
0104-PPXDV,California,San Diego,Male,0,1,0,58,1,0,1,0,0,1,0,0,0,1,0,0,50.3,0
0106-GHRQR,California,Rancho Palos Verdes,Male,0,0,0,16,1,1,1,0,1,1,0,0,1,0,1,0,71.4,0
0106-UGRDO,California,Kenwood,Female,0,1,0,69,1,1,1,1,1,1,1,1,1,1,1,1,116,0
0107-WESLM,California,West Point,Male,0,0,0,1,1,0,0,0,0,0,0,0,0,0,1,1,19.85,1
0107-YHINA,California,Los Angeles,Male,0,0,0,1,1,1,1,0,0,1,0,1,1,0,1,1,99.75,1
0111-KLBQG,California,Morongo Valley,Male,1,1,1,32,1,0,1,0,1,0,0,1,1,0,1,1,93.95,0
0112-QAWRZ,California,Palo Verde,Male,0,1,1,16,1,1,1,0,0,1,0,1,0,0,1,0,90.8,0
0112-QWPNC,California,Valyermo,Male,0,1,0,49,1,1,1,1,0,1,1,1,1,1,0,1,84.35,1
0114-IGABW,California,Cambria,Female,0,1,0,71,0,0,1,0,1,1,1,1,1,1,0,0,58.25,0
0114-PEGZZ,California,Round Mountain,Female,0,0,0,33,1,1,1,0,1,1,0,1,1,0,0,1,107.55,0
0114-RSRRW,California,Klamath,Female,0,1,0,10,1,0,0,0,0,0,0,0,0,0,1,0,19.95,0
0115-TFERT,California,Fres0,Male,0,1,0,21,1,1,1,0,1,1,1,1,1,0,1,1,111.2,1
0117-LFRMW,California,Angwin,Male,0,1,1,37,0,0,1,1,1,1,0,0,0,0,0,0,40.2,1
0118-JP0Y,California,Le Grand,Female,1,0,0,26,1,0,1,1,0,0,0,1,0,0,1,0,85.8,0
0121-SNYRK,California,Redway,Male,0,0,0,50,0,0,1,1,0,0,1,0,0,1,1,1,35.4,0
0122-OAHPZ,California,Oceanside,Female,0,0,0,7,1,1,1,0,0,0,0,0,0,0,1,1,73.85,1
0123-CRBRT,California,Monterey Park,Female,0,1,0,61,1,1,1,1,1,1,1,1,1,1,0,1,88.1,0
0125-LZQXK,California,Big Oak Flat,Male,0,0,0,15,1,0,1,0,0,1,1,1,1,0,1,1,101.35,1
0128-MKWSG,California,Stevenson Ranch,Female,0,0,1,26,0,0,1,1,0,0,1,0,1,0,0,1,45.8,0
0129-KPTWJ,California,0rth Highlands,Male,0,1,0,72,1,0,1,0,0,1,0,1,1,0,1,1,94.65,0
0129-QMPDR,California,La Puente,Male,0,1,0,44,1,0,0,0,0,0,0,0,0,1,1,0,20.5,0
0130-SXOUN,California,Glenhaven,Male,0,0,0,66,1,1,1,0,1,0,0,0,1,0,0,0,89.4,0
0133-BMFZO,California,Alhambra,Female,0,0,0,2,1,0,1,1,1,0,1,0,0,0,1,1,86.25,1
0134-XWXCE,California,Santa Monica,Female,1,0,0,44,1,0,1,0,0,1,1,1,1,1,0,0,74.85,0
0135-NMXAP,California,Lodi,Female,0,0,0,12,1,1,1,0,1,0,0,1,0,0,1,0,89.75,1
0136-IFMYD,California,Los Angeles,Male,1,1,0,69,1,1,1,0,1,1,1,1,1,1,1,1,109.95,0
0137-OCGAB,California,Fairfield,Female,0,0,0,1,1,1,1,0,1,0,0,0,0,0,1,1,80.2,1
0137-UDEUO,California,Stockton,Female,0,0,0,3,1,0,0,0,0,0,0,0,0,0,0,1,19.85,1
0139-IVFJG,California,Inyokern,Female,0,1,0,2,1,0,1,1,1,0,0,1,0,0,0,1,90.35,0
0141-YEAYS,California,Lone Pine,Female,1,0,0,27,1,1,1,0,1,1,0,0,0,0,1,0,86.45,0
0142-GVYSN,California,Randsburg,Male,0,0,0,26,1,0,0,0,0,0,0,0,0,0,1,1,20.3,0
0147-ESWWR,California,Atascadero,Female,1,1,0,39,1,1,1,0,0,0,1,1,1,0,1,1,101.25,0
0148-DCDOS,California,Planada,Male,0,0,0,25,1,1,1,0,0,0,0,1,1,0,1,0,94.7,1
0151-ONTOV,California,Moorpark,Female,0,0,0,1,1,0,1,0,0,0,0,0,0,0,0,1,70.9,1
0156-FVPTA,California,Solvang,Male,0,1,0,22,1,0,1,1,0,0,1,0,0,0,1,1,54.2,1
0164-APGRB,California,Calistoga,Female,0,0,0,72,1,1,1,1,1,1,1,1,1,1,1,1,114.9,0
0164-XAIRP,California,La Mirada,Female,0,0,0,24,1,0,0,0,0,0,0,0,0,1,1,0,19.55,0
0168-XZKBB,California,Boron,Female,0,1,0,19,1,1,1,0,0,0,0,1,0,0,1,1,86.85,0
0174-QRVVY,California,San Marcos,Male,0,1,1,71,1,1,0,0,0,0,0,0,0,1,0,0,25.35,0
0177-PXBAT,California,Desert Center,Male,1,1,0,33,1,1,1,1,0,1,1,1,1,0,1,0,109.9,0
0178-CIIKR,California,Crows Landing,Female,0,0,0,3,1,0,0,0,0,0,0,0,0,0,0,1,19.95,0
0178-SZBHO,California,Tuolumne,Male,0,1,1,47,1,1,1,0,1,0,0,1,0,0,0,1,87.2,0
0181-RITDD,California,San Diego,Male,0,1,1,62,1,0,1,1,1,1,1,1,1,1,0,1,108.15,0
0186-CAERR,California,Auburn,Male,0,0,0,71,1,1,1,1,1,1,1,1,1,1,1,0,116.3,0
0187-QSXOE,California,Fres0,Male,1,1,0,7,1,0,1,0,0,0,0,1,1,0,1,1,89,0
0187-WZNAB,California,Del Rey,Female,0,1,1,27,1,0,1,1,0,0,0,0,0,0,0,1,74.4,0
0188-GWFLE,California,Redwood City,Male,0,0,0,2,1,0,0,0,0,0,0,0,0,0,0,1,20.05,0
0191-EQUUH,California,Landers,Female,0,0,1,25,0,0,1,1,0,0,1,0,0,1,0,0,35.05,0
0191-ZHSKZ,California,Hawthorne,Male,1,0,0,30,1,0,1,1,1,0,0,1,1,0,1,1,74.75,0
0193-ESZXP,California,Ocea0,Female,1,1,0,58,1,0,1,1,1,0,1,1,1,1,1,0,105.5,1
0195-IESCP,California,Armona,Male,0,1,0,10,1,1,1,0,0,0,0,0,1,0,1,1,85.25,1
0196-JTUQI,California,Clarksburg,Female,0,0,0,9,1,1,1,0,0,0,0,0,0,0,1,0,75.2,0
0196-VULGZ,California,Irvine,Female,1,1,0,6,1,1,1,0,0,0,0,0,1,0,1,1,84.35,1
0197-PNKNK,California,Scotts Valley,Female,0,1,1,69,1,1,1,1,0,1,0,0,0,1,0,0,84.45,0
0201-MIBOL,California,Salida,Female,1,0,0,66,1,1,1,1,0,0,0,1,1,1,1,0,102.4,0
0201-OAMXR,California,Mckinleyville,Female,0,0,0,70,1,1,1,1,1,1,1,1,1,1,0,0,115.55,1
0203-HHYIJ,California,Atherton,Male,0,0,0,25,1,1,0,0,0,0,0,0,0,1,0,0,25.3,1
0206-OYVOC,California,Huntington Beach,Female,0,1,1,46,1,0,0,0,0,0,0,0,0,1,1,1,19.25,0
0206-TBWLC,California,Calimesa,Female,0,1,0,54,1,1,1,1,1,1,1,1,1,1,1,1,114.65,0
0207-MDKNV,California,Daly City,Female,0,0,0,15,1,0,1,1,0,1,1,1,1,0,0,1,105.1,1
0208-BPQEJ,California,Middletown,Female,0,1,1,12,1,0,0,0,0,0,0,0,0,0,0,0,19.4,0
0212-ISBBF,California,Berkeley,Female,0,0,0,22,0,0,1,0,1,0,0,1,1,0,1,1,50.35,0
0214-JHPFW,California,Lost Hills,Female,0,1,0,70,0,0,1,0,1,1,1,1,1,1,0,0,57.8,0
0215-BQKGS,California,Garden Grove,Male,0,0,0,30,1,0,1,1,1,1,0,0,0,0,1,0,84.3,0
0218-QNVAS,California,Indio,Male,0,1,1,71,1,1,1,0,1,0,0,1,1,1,0,0,100.55,0
0219-QAERP,California,Oxnard,Male,0,1,0,30,1,0,0,0,0,0,0,0,0,1,0,0,19.8,0
0219-YTZUE,California,San Diego,Male,0,1,0,4,1,1,1,0,1,1,0,0,0,0,1,0,84.8,1
0220-EBGCE,California,Fort Jones,Male,0,0,0,2,1,0,1,0,0,1,0,0,1,0,1,1,85.85,1
0221-NAUXK,California,More0 Valley,Male,0,0,1,10,1,0,0,0,0,0,0,0,0,1,1,0,19.95,0
0221-WMXNQ,California,Chi0,Male,1,0,0,4,1,0,1,1,0,0,0,0,0,0,0,1,75.35,0
0222-CNVPT,California,Sacramento,Male,1,0,0,52,0,0,1,1,0,0,0,1,1,0,1,0,48.8,0
0224-HJAPT,California,San Diego,Male,0,0,0,5,1,1,1,0,0,0,0,0,0,0,0,1,47.15,1
0224-NIJLP,California,Turlock,Male,0,1,1,8,1,0,0,0,0,0,0,0,0,1,0,1,20.15,0
0224-RLWWD,California,Calexico,Female,1,0,0,2,1,0,1,0,0,0,0,0,0,0,1,1,44.3,0
0225-ZORZP,California,Groveland,Male,0,0,0,3,1,0,1,0,1,0,0,0,1,0,0,1,84.3,0
0228-MAUWC,California,Los Gatos,Male,0,0,0,19,1,1,1,0,0,1,1,0,0,0,0,1,59.55,0
0229-LFJAF,California,Clovis,Male,0,0,0,72,1,1,1,1,1,1,1,0,0,1,0,0,69.65,0
0230-UBYPQ,California,Hyampom,Male,1,1,0,63,0,0,1,1,0,0,1,0,0,1,0,0,36.1,0
0230-WEQUW,California,Woodland Hills,Male,0,1,0,66,0,0,1,1,1,1,1,1,0,1,1,0,56.6,0
0231-LXVAP,California,Tipton,Male,0,0,0,1,1,0,1,0,0,0,1,0,0,0,1,1,75.9,1
0233-FTHAV,California,Livingston,Female,0,0,0,60,1,1,1,0,0,1,0,0,0,1,1,0,79.2,0
0234-TEVTT,California,Tulare,Female,0,1,1,48,0,0,1,1,0,1,0,0,1,1,0,0,45,0
0235-KGSLC,California,Buellton,Female,0,0,0,1,1,0,1,0,0,1,0,1,0,0,1,0,85.55,1
0236-HFWSV,California,Palmdale,Male,0,0,0,15,1,1,1,0,0,0,0,1,1,0,1,1,93.35,1
0237-YFUTL,California,Midway City,Female,0,1,0,50,1,1,1,1,1,0,1,1,1,0,1,0,109.65,0
0238-WHBIQ,California,Folsom,Male,0,1,1,72,1,1,1,1,1,1,1,1,1,1,0,0,89.7,0
0239-OXEXL,California,Oakland,Female,0,0,0,46,1,1,1,1,1,0,0,0,0,0,0,1,84.25,0
0244-LGNFY,California,San Anselmo,Female,0,1,1,72,1,1,1,1,1,1,1,1,1,1,0,0,92.65,0
0247-SLUJI,California,Duarte,Male,0,1,1,1,1,0,0,0,0,0,0,0,0,0,0,1,19.7,0
0248-IPDFW,California,Lake Elsi0re,Female,0,0,0,1,1,1,1,0,0,0,0,0,0,0,1,1,50.1,0
0248-PGHBZ,California,San Clemente,Female,1,0,0,67,1,0,1,1,1,0,1,1,0,1,1,0,92.45,0
0253-ZTEOB,California,Los Angeles,Female,0,1,1,48,1,1,1,0,1,0,1,1,1,1,0,1,79.65,0
0254-FNMCI,California,Downey,Female,0,0,0,72,1,0,1,1,1,1,1,1,1,1,1,1,109.9,0
0254-KCJGT,California,Bodega Bay,Male,0,1,0,52,1,1,1,1,1,1,1,0,1,1,1,0,81.4,0
0254-WWRKD,California,Challenge,Female,0,1,1,67,1,0,1,0,1,0,0,0,0,1,0,0,50.55,0
0256-LTHVJ,California,Ludlow,Female,0,1,0,28,1,0,1,0,0,0,0,0,1,0,1,1,81.05,1
0257-KXZGU,California,Santa Clara,Female,0,1,1,32,1,1,1,0,1,1,0,0,0,0,0,0,62.45,0
0257-ZESQC,California,Perris,Female,1,1,0,27,1,0,1,1,0,0,0,0,0,0,1,0,75.2,1
0258-0KBL,California,Fortuna,Male,0,0,0,3,1,0,1,0,1,1,0,0,1,0,0,1,90.4,0
0259-GBZSH,California,San Diego,Male,0,0,0,2,1,1,1,0,0,0,0,1,0,0,1,1,85.65,1
0260-ZDLGK,California,San Dimas,Female,0,0,1,9,1,0,1,0,0,1,1,1,1,0,1,1,72.9,1
0263-FJTQO,California,Rescue,Male,0,1,1,50,1,1,1,1,0,0,1,1,0,1,1,0,70.5,0
0264-CNITK,California,Clio,Female,0,1,1,71,1,0,0,0,0,0,0,0,0,1,0,0,20.1,0
0265-EDXBD,California,Mount Laguna,Male,1,1,0,32,1,1,1,0,0,0,0,0,0,0,1,1,74.9,1
0265-PSUAE,California,Lotus,Female,0,1,1,16,1,0,1,1,0,1,0,1,1,0,0,0,100.7,0
0266-CLZKZ,California,San Marcos,Female,0,1,1,67,1,1,1,0,0,1,1,1,1,1,1,0,105.65,0
0266-GMEAO,California,Lompoc,Male,0,1,1,72,1,1,1,1,1,1,1,1,1,1,1,0,114.3,0
0268-QKIWO,California,Pilot Hill,Female,0,0,0,3,1,0,0,0,0,0,0,0,0,0,0,1,19.75,1
0269-XFESX,California,San Francisco,Male,0,1,1,23,1,1,0,0,0,0,0,0,0,1,0,1,24.35,0
0270-THENM,California,Mission Hills,Male,0,1,1,72,1,1,1,1,1,1,1,0,0,1,0,0,69.85,0
0274-JKUJR,California,Los Angeles,Male,0,1,1,7,0,0,1,1,1,1,0,1,1,0,0,1,58.85,0
0277-BKSQP,California,Harbor City,Male,0,1,1,8,1,0,1,0,0,0,0,1,0,0,1,1,54.4,0
0277-ORXQS,California,San Francisco,Male,0,1,1,66,0,0,1,0,0,0,1,1,1,1,0,0,50.55,0
0278-YXOOG,California,Inglewood,Male,0,0,0,5,1,0,0,0,0,0,0,0,0,0,0,1,21.05,1
0280-XJGEX,California,Los Angeles,Male,0,0,1,49,1,1,1,0,1,1,0,1,1,0,1,0,103.7,1
0281-CNTZX,California,Pescadero,Male,0,1,0,63,1,0,0,0,0,0,0,0,0,1,1,0,19.95,0
0282-NVSJS,California,Aromas,Female,1,1,1,12,0,0,1,0,0,0,1,0,0,0,1,1,29.3,0
0285-INHLN,California,Badger,Male,0,1,1,27,1,0,1,1,1,0,0,0,0,0,1,0,54.75,0
0289-IVARM,California,Parlier,Female,0,0,0,35,1,0,1,1,1,1,0,0,0,0,0,1,60.55,0
0292-WEGCH,California,Death Valley,Female,0,1,1,54,1,1,1,0,1,1,1,1,1,0,1,1,86.2,0
0295-PPHDO,California,La Puente,Male,0,0,0,1,1,1,1,0,0,0,0,1,1,0,1,1,95.45,1
0295-QVKPB,California,Riverdale,Male,0,0,0,5,1,0,1,0,0,1,1,1,0,0,1,0,63.95,0
0297-RBCSG,California,San Francisco,Male,0,0,0,19,1,0,1,0,1,0,1,0,1,1,1,0,65.35,0
0298-XACET,California,Berry Creek,Male,0,1,1,52,0,0,1,0,1,1,1,1,0,1,0,1,50.2,0
0301-FIDRB,California,Fulton,Female,0,1,1,72,0,0,1,1,1,1,1,1,1,1,1,0,63.8,0
0301-KOBTQ,California,Capitola,Male,0,0,0,32,1,0,0,0,0,0,0,0,0,1,1,0,20.05,0
0302-JOIVN,California,San Gabriel,Female,0,1,0,8,1,0,1,0,1,1,0,1,1,0,0,1,101.15,1
0303-UNCIP,California,Claremont,Male,0,0,0,41,1,1,1,0,0,1,0,0,1,1,0,1,65,0
0303-WMMRN,California,Glendale,Male,0,0,0,5,1,0,0,0,0,0,0,0,0,0,1,1,19.25,0
0305-SQECB,California,Gardena,Female,0,0,1,11,0,0,1,1,0,0,1,0,0,1,1,1,36.05,0
0306-JAELE,California,Tecopa,Male,0,0,0,5,1,0,1,0,0,0,1,1,1,0,1,1,96.1,1
0307-BCOPK,California,San Francisco,Female,0,0,0,16,1,0,0,0,0,0,0,0,0,1,0,1,19.05,0
0308-GIQJT,California,San Diego,Male,1,0,0,71,1,1,1,0,1,0,1,1,1,1,0,0,105.75,0
0308-IVGOK,California,Santa Ana,Female,0,0,0,11,0,0,1,0,1,1,1,0,0,1,1,0,40.4,0
0310-MVLET,California,Snelling,Female,0,1,0,61,1,1,1,0,1,0,0,1,1,0,1,1,99.15,1
0310-SUCIN,California,Darwin,Female,0,1,0,71,1,0,1,1,1,1,1,1,1,1,1,0,84.8,0
0310-VQXAM,California,San Bernardi0,Male,0,0,0,9,1,0,0,0,0,0,0,0,0,0,0,1,19.85,0
0311-QYWSS,California,Garberville,Female,0,0,0,6,1,0,1,1,0,0,0,0,0,0,1,1,49.45,0
0311-UNPFF,California,Long Beach,Female,0,0,0,26,1,0,1,0,0,0,0,1,1,0,1,0,88.8,1
0314-TKOSI,California,Upland,Female,0,0,0,6,1,0,1,1,1,0,0,0,0,0,0,1,55.15,0
0315-LVCRK,California,El Dorado Hills,Male,0,0,0,11,1,0,1,0,0,1,0,0,1,0,0,1,84.8,0
0318-QUUOB,California,Santa Rosa,Male,0,1,0,1,1,0,1,0,0,0,0,1,0,0,1,1,80.55,1
0318-ZOPWS,California,Malibu,Female,0,1,0,49,1,0,0,0,0,0,0,0,0,1,1,0,20.15,0
0319-QZTCO,California,Santa Rosa,Female,0,1,1,3,1,0,1,0,1,0,0,1,0,0,1,0,58.7,0
0320-DWVTU,California,Riverdale,Female,0,0,0,53,1,0,1,1,1,1,1,0,1,1,0,1,99.5,0
0320-JDNQG,California,Oxnard,Male,0,1,0,23,1,0,1,1,0,0,1,1,1,0,1,1,99.85,1
0322-CHQRU,California,Palmdale,Male,0,0,0,2,1,0,1,0,0,0,0,0,0,0,0,1,45.35,1
0322-YINQP,California,Covina,Male,0,0,0,1,1,0,1,1,0,0,0,0,0,0,1,1,48.55,1
0323-XWWTN,California,San Lucas,Male,0,0,1,3,1,1,0,0,0,0,0,0,0,1,1,1,26.4,0
0324-BRPCJ,California,Palmdale,Female,1,1,0,68,1,1,1,0,1,0,0,1,1,0,1,1,100.2,1
0325-XBFAC,California,Hoopa,Male,0,0,0,8,1,0,1,0,0,1,0,1,1,0,1,1,94.7,1
0326-VDYXE,California,Long Beach,Female,0,1,0,70,1,1,1,0,0,1,0,1,1,1,1,1,97.65,0
0327-WFZSY,California,Samoa,Male,0,1,1,39,1,1,1,0,0,1,0,1,1,1,0,1,100,0
0328-GRPMV,California,Burnt Ranch,Female,0,0,0,1,1,0,1,0,0,0,0,0,0,0,1,1,70.1,1
0329-GTIAJ,California,Garden Grove,Female,0,0,0,3,1,0,1,0,1,0,1,1,1,0,1,1,97.9,1
0330-BGYZE,California,Milford,Male,0,1,0,60,1,1,1,0,1,1,0,1,1,1,0,0,102.5,0
0330-IVZHA,California,Anderson,Female,0,1,0,5,1,0,1,0,0,0,0,0,0,0,0,1,69.95,1
0334-GDDSO,California,Ocotillo,Male,1,0,0,3,1,1,1,0,1,0,0,0,0,0,1,1,81.35,1
0334-ZFJSR,California,San Diego,Female,0,1,0,55,1,1,1,1,1,0,1,0,0,1,1,0,66.05,0
0336-KXKFK,California,Santa Margarita,Male,0,0,0,72,0,0,1,1,0,1,1,1,1,1,1,0,61.2,0
0336-PIKEI,California,Orange,Male,1,1,0,72,1,0,1,1,1,1,1,1,0,1,0,0,74.4,0
0337-CNPZE,California,Los Angeles,Female,0,0,0,41,1,1,1,0,1,1,0,1,1,0,1,1,106.3,1
0343-QLUZP,California,San Jose,Male,0,0,0,60,0,0,1,1,1,1,0,0,0,1,0,0,39.6,0
0345-HKJVM,California,El Cajon,Female,0,0,0,6,1,0,1,0,0,0,0,1,1,0,0,1,89.3,1
0345-XMMUG,California,Ione,Female,0,1,0,46,1,1,1,0,1,1,1,1,1,1,1,0,108.9,0
0347-UBKUZ,California,San Mateo,Female,0,0,0,15,1,0,0,0,0,0,0,0,0,0,0,1,19.9,0
0348-SDKOL,California,La Jolla,Female,0,1,0,58,1,1,1,0,0,1,1,1,1,0,1,0,102.1,1
0354-VXMJC,California,Los Angeles,Male,0,1,1,23,1,0,0,0,0,0,0,0,0,1,0,0,19.6,0
0354-WYROK,California,San Francisco,Female,1,1,0,31,1,0,1,0,0,1,1,1,1,0,1,1,98.9,1
0356-ERHVT,California,Santa Cruz,Male,0,1,0,11,1,0,1,0,0,0,0,0,0,0,1,0,45.9,0
0356-OBMAC,California,Winchester,Female,1,0,0,56,1,1,1,0,1,1,1,1,0,1,1,0,99.9,0
0357-NVCRI,California,El Cajon,Female,0,0,1,25,1,0,0,0,0,0,0,0,0,0,0,0,20.05,0
0361-HJRDX,California,Sherman Oaks,Female,0,0,0,68,0,0,1,1,1,1,1,1,1,1,0,0,64.35,0
0362-RAOQO,California,0rco,Female,0,0,0,40,1,0,0,0,0,0,0,0,0,1,0,0,19.65,0
0362-ZBZWJ,California,Thornton,Male,0,0,0,36,1,1,1,0,0,0,0,0,1,0,1,1,84.9,1
0363-QJVFX,California,Lake Hughes,Male,0,0,0,32,1,1,1,1,1,0,1,1,1,0,1,0,108.15,1
0363-SVHYR,California,Paramount,Male,0,1,1,71,1,1,1,1,1,1,1,1,1,1,0,0,86.85,0
0365-BZUWY,California,San Juan Capistra0,Male,0,1,0,17,1,1,1,0,1,1,0,1,1,0,1,1,102.55,0
0365-GXEZS,California,Copperopolis,Male,0,1,0,18,1,0,1,0,0,1,1,0,0,0,0,1,78.2,0
0365-TRTPY,California,Covina,Female,0,0,0,37,1,1,1,1,1,1,0,0,0,0,0,0,91.2,0
0366-NQSHS,California,Colusa,Male,0,0,0,2,1,0,0,0,0,0,0,0,0,0,0,1,19.35,0
0369-ZGOVK,California,Cypress,Female,0,1,1,28,1,0,1,0,0,0,0,0,0,1,1,0,70.4,0
0373-AIVNJ,California,Sacramento,Male,0,0,0,9,0,0,1,1,1,1,0,0,0,1,0,1,39.55,0
0374-AACSZ,California,Lancaster,Female,0,0,0,1,1,0,1,1,0,0,0,0,0,0,0,1,50.15,0
0374-FIUCA,California,Orange,Male,0,1,0,65,1,0,0,0,0,0,0,0,0,1,1,0,20.4,0
0374-IOEGQ,California,Gonzales,Female,0,0,0,3,1,0,1,0,0,0,0,0,0,0,0,1,44.6,0
0375-HVGXO,California,Los Angeles,Female,0,0,0,1,0,0,1,0,0,0,0,1,0,0,1,1,34.7,1
0376-OIWME,California,San Ysidro,Male,0,1,0,36,1,0,1,1,0,0,0,1,1,0,1,1,93.6,0
0376-YMCJC,California,0vato,Male,0,0,0,23,1,1,1,0,0,0,1,1,0,0,1,1,90.6,1
0377-JBKKT,California,Gilroy,Male,0,1,1,22,1,0,1,1,1,0,1,0,0,0,1,1,57.95,0
0378-CJKPV,California,Oak Park,Female,0,1,0,72,1,1,1,1,1,1,1,1,1,1,0,0,112.1,0
0378-NHQXU,California,South San Francisco,Female,0,1,0,17,1,1,1,0,0,1,0,1,0,0,0,1,88.25,1
0378-TOVMS,California,Vernalis,Female,0,0,0,3,1,0,1,0,0,0,1,0,1,0,0,1,85.8,1
0378-XSZPU,California,San Jose,Male,0,1,0,58,1,0,1,1,1,1,0,0,0,1,0,0,60.3,1
0379-DJQHR,California,Sunnyvale,Male,0,1,0,67,1,0,1,1,1,1,0,1,1,1,0,0,81.35,0
0380-NEAVX,California,Newport Beach,Male,1,0,0,34,1,0,1,0,1,1,0,1,1,1,1,1,99.85,0
0380-ZCSBI,California,San Francisco,Male,0,0,0,10,1,0,0,0,0,0,0,0,0,0,0,0,20,0
0383-CLDDA,California,Stanford,Female,0,0,0,69,1,1,1,1,0,1,1,1,1,1,1,0,85.35,0
0384-LPITE,California,Los Angeles,Male,0,0,0,40,0,0,1,1,1,1,0,1,1,1,0,0,62.05,0
0384-RVBPI,California,Turlock,Male,0,0,0,20,1,0,1,1,0,1,0,0,1,0,0,0,64.4,0
0386-CWRGM,California,Beverly Hills,Female,0,1,1,46,1,0,0,0,0,0,0,0,0,1,0,1,19.4,0
0388-EOPEX,California,Riverside,Female,0,1,0,2,1,0,1,1,0,0,0,0,0,0,1,1,74.4,1
0390-DCFDQ,California,Los Alamitos,Female,1,1,1,1,1,0,1,0,0,0,0,0,0,0,1,1,70.45,1
0392-BZIUW,California,Fres0,Female,0,1,0,72,1,1,1,1,0,1,0,1,1,1,1,0,105,0
0394-YONDK,California,Escondido,Male,0,1,1,70,1,1,0,0,0,0,0,0,0,1,0,0,25.15,0
0396-HUJBP,California,Gardena,Female,0,0,0,2,1,0,0,0,0,0,0,0,0,0,0,1,19.3,0
0396-UKGAI,California,Encinitas,Male,0,0,1,23,1,0,1,0,1,0,1,0,0,0,1,0,55.3,0
0396-YCHWO,California,Sacramento,Male,0,1,0,36,1,1,1,0,0,0,0,1,1,0,1,1,95.4,0
0397-GZBBC,California,South Dos Palos,Male,1,1,0,59,1,1,1,0,0,0,0,1,1,0,1,0,93.85,1
0397-ZXWQF,California,Orick,Male,0,0,0,67,1,0,0,0,0,0,0,0,0,1,0,0,20.5,0
0401-WDBXM,California,San Jose,Male,0,1,1,72,1,1,1,1,0,1,0,1,1,1,1,0,105.55,0
0402-CQAJN,California,El Monte,Female,0,0,0,37,1,1,1,0,1,1,0,1,1,0,1,0,101.9,1
0402-OAMEN,California,Spreckels,Female,0,1,1,72,1,1,0,0,0,0,0,0,0,1,0,0,24.45,0
0404-AHASP,California,Beverly Hills,Male,0,1,0,72,1,0,0,0,0,0,0,0,0,1,0,0,19.7,0
0404-SWRVG,California,La Habra,Male,0,0,1,3,1,1,1,0,0,0,0,0,0,0,1,1,74.4,1
0406-BPDVR,California,Visalia,Female,1,1,0,54,1,1,1,0,1,0,0,1,1,1,1,0,101.5,1
0407-BDJKB,California,San Francisco,Male,0,1,0,60,1,1,1,0,1,1,0,1,0,0,1,1,95.75,1
0409-WTMPL,California,Whittier,Female,0,1,0,58,1,1,1,1,1,1,0,1,1,1,1,0,110.65,0
0410-IPFTY,California,Long Beach,Female,0,1,0,31,1,0,1,0,1,0,0,0,1,0,1,0,83.85,0
0411-EZJZE,California,Stockton,Female,0,0,0,3,1,1,1,0,0,0,0,1,0,0,1,1,60.25,0
0412-UCCNP,California,Essex,Male,0,0,0,55,1,0,1,1,0,1,1,0,0,1,1,1,59.2,0
0415-MOSGF,California,Los Gatos,Female,0,0,0,1,1,0,1,0,0,0,0,0,0,0,0,1,44.4,1
0419-YAAPX,California,Grass Valley,Male,0,1,0,49,1,0,1,0,1,0,0,1,0,0,1,0,85.3,0
0420-BWTPW,California,Chula Vista,Male,0,0,0,8,0,0,1,0,0,0,0,0,0,0,0,1,25.5,1
0420-HLGXF,California,Visalia,Female,1,0,0,39,1,1,1,0,0,1,0,1,1,0,1,1,99.75,0
0420-TXVSG,California,San Jose,Male,0,1,0,66,1,1,1,1,1,1,0,0,0,1,1,0,66.1,0
0422-OHQHQ,California,Fres0,Female,0,1,0,15,1,0,0,0,0,0,0,0,0,1,0,1,20.55,0
0422-UXFAP,California,San Diego,Female,0,1,0,51,1,1,1,0,0,1,0,1,1,1,1,1,98.85,0
0423-UDIJQ,California,Snelling,Male,1,0,0,9,1,0,1,0,0,0,1,0,0,0,0,1,49.2,0
0426-TIRNE,California,Enci0,Female,0,0,0,1,1,0,0,0,0,0,0,0,0,0,0,1,20.9,1
0428-AXXLJ,California,Bellflower,Male,0,0,0,25,1,0,0,0,0,0,0,0,0,1,1,0,19.5,0
0428-IKYCP,California,So0ra,Male,0,1,0,22,1,0,1,0,0,1,0,1,0,0,1,0,87,0
0430-IHCDJ,California,Highland,Male,0,0,0,15,1,1,1,0,0,0,0,0,0,0,1,1,49,0
0431-APWVY,California,0vato,Female,0,1,0,28,1,0,1,0,0,0,0,1,1,1,1,0,90.1,1
0432-CAJZV,California,Onyx,Male,0,0,0,3,1,0,1,0,0,0,0,1,1,0,0,1,90.7,0
0434-CSFON,California,Los Angeles,Female,0,1,0,47,1,1,1,0,0,1,0,1,1,0,1,1,100.5,0
0436-TWFFZ,California,Long Beach,Female,0,0,0,67,1,1,1,1,0,1,1,1,1,1,1,1,85.25,0
0439-IFYUN,California,Westley,Female,1,0,0,18,1,0,1,0,1,0,0,0,0,0,1,1,74.7,0
0440-EKDCF,California,Herlong,Male,0,1,0,62,1,0,1,0,1,1,1,0,0,1,1,0,60.15,0
0440-MOGPM,California,Petaluma,Female,0,0,0,41,1,1,1,0,1,1,0,1,1,1,1,1,80.55,0
0440-QEXBZ,California,Mojave,Female,0,0,0,44,1,1,1,0,0,0,0,0,0,0,1,1,50.15,0
0440-UEDAI,California,Callahan,Female,0,0,0,53,1,0,1,0,1,1,1,0,1,1,1,0,94.45,0
0442-TDYUO,California,Bodega,Male,0,1,0,48,1,0,0,0,0,0,0,0,0,1,1,1,20.05,0
0442-ZXKVS,California,Denair,Female,1,1,0,54,1,1,1,1,1,1,1,1,1,1,1,0,115.6,0
0447-BEMNG,California,Wrightwood,Female,0,1,0,48,0,0,1,1,0,1,0,0,1,0,1,0,45.3,1
0447-RXSGD,California,Monterey,Male,0,0,0,24,1,1,1,0,1,0,0,1,1,0,1,0,99.65,0
0454-OKRCT,California,Palo Alto,Male,0,0,0,33,1,0,1,0,1,0,1,0,0,1,0,0,80.6,0
0455-ENTCR,California,Jamestown,Male,0,1,0,66,1,1,1,1,1,0,1,1,1,1,0,1,85.25,0
0455-XFASS,California,Campbell,Female,0,1,1,3,1,0,1,0,0,0,0,0,0,0,1,1,69.55,0
0458-HEUZG,California,Alderpoint,Female,0,0,0,13,0,0,1,0,0,1,1,0,0,1,0,1,35.4,0
0459-SPZHJ,California,Garden Grove,Male,0,1,0,63,1,1,1,1,1,1,0,1,1,1,0,0,83.5,0
0461-CVKMU,California,Oak Run,Female,0,1,0,23,1,0,1,0,1,1,1,0,0,0,0,1,83.8,1
0463-TXOAK,California,Madison,Male,0,0,1,52,1,1,0,0,0,0,0,0,0,1,0,0,25.6,0
0463-WZZKO,California,Van Nuys,Male,0,0,0,3,1,0,0,0,0,0,0,0,0,0,1,0,20.75,0
0463-ZSDNT,California,Escondido,Male,0,0,0,10,1,0,1,0,0,0,0,0,1,0,1,0,56.75,0
0464-WJTKO,California,Cedarville,Female,0,1,1,72,1,0,0,0,0,0,0,0,0,1,0,0,20.1,0
0468-YRPXN,California,Lomita,Male,0,0,0,29,1,0,1,0,0,1,1,1,1,0,1,0,98.8,0
0471-ARVMX,California,Kelseyville,Female,1,1,0,62,1,1,1,1,0,1,0,1,1,1,1,1,104.85,0
0471-LVHGK,California,Orangevale,Male,0,1,0,41,1,1,1,0,0,1,0,1,1,1,1,1,73,1
0475-RIJEP,California,Pinecrest,Male,0,0,0,43,1,1,1,0,1,0,0,0,0,0,1,1,77.85,1
0479-HMSWA,California,San Clemente,Female,0,0,1,26,1,0,1,0,1,1,1,1,1,1,1,1,105.45,0
0480-BIXDE,California,Beale Afb,Female,0,1,0,19,1,0,1,0,0,1,0,1,1,0,1,1,96.8,0
0480-KYJVA,California,Sacramento,Female,0,1,1,72,1,1,0,0,0,0,0,0,0,1,0,0,24.25,0
0481-SUMCB,California,Greenville,Female,1,0,0,45,1,1,1,0,0,1,0,1,1,1,1,0,102.15,0
0484-FFVBJ,California,Fort Bragg,Male,0,0,0,32,1,0,1,0,0,0,0,1,1,1,1,0,64.85,0
0484-JPBRU,California,Petaluma,Male,0,0,0,41,1,1,0,0,0,0,0,0,0,0,1,0,25.25,0
0485-ZBSLN,California,Mecca,Male,0,1,1,65,1,1,0,0,0,0,0,0,0,1,0,0,24.75,0
0486-HECZI,California,Torrance,Male,0,1,1,55,1,1,1,1,1,0,0,1,0,0,1,1,96.75,1
0486-LGCCH,California,Victorville,Male,0,1,1,11,1,0,0,0,0,0,0,0,0,1,0,1,19.65,0
0487-CRLZF,California,Poway,Female,0,0,0,49,1,0,1,0,0,1,1,1,1,1,1,0,74.45,0
0487-RPVUM,California,Mount Hermon,Male,0,1,0,61,1,1,1,1,0,1,1,1,0,0,0,0,99.4,0
0487-VVUVK,California,Santa Barbara,Male,0,1,1,25,1,0,0,0,0,0,0,0,0,0,1,1,19.15,0
0488-GSLFR,California,Taylorsville,Female,0,0,0,1,1,0,1,0,0,0,0,0,0,0,1,1,69.5,1
0489-WMEMG,California,Korbel,Female,0,0,1,23,1,0,1,0,0,0,1,0,0,1,1,1,49.45,0
0491-KAPQG,California,Pine Valley,Male,0,0,0,21,1,1,1,0,0,0,0,0,0,0,1,1,73.7,0
0495-RVCBF,California,Santa Rosa,Female,0,0,0,1,1,0,1,0,0,0,0,0,1,0,1,1,79.7,1
0495-ZBNGW,California,Loma Mar,Male,1,1,0,5,1,1,1,0,0,1,0,0,0,0,1,0,79.9,1
0496-AHOOK,California,Bangor,Male,0,1,0,24,1,0,1,1,0,0,1,1,1,1,0,0,74.4,0
0504-HHAPI,California,Guinda,Female,1,0,0,27,1,1,1,0,0,1,0,0,1,0,0,0,88.3,1
0505-SPOOW,California,Riverside,Female,0,1,0,70,1,0,0,0,0,0,0,0,0,1,0,0,19.8,0
0506-LVNGN,California,Rancho Cordova,Female,1,0,0,5,1,0,1,0,0,1,0,0,0,0,1,0,75.55,1
0506-YLVKJ,California,Sultana,Male,0,1,1,46,1,0,0,0,0,0,0,0,0,1,1,1,20.2,0
0508-OOLTO,California,Fort Irwin,Female,0,1,1,2,1,0,1,0,0,0,0,0,0,0,1,1,71.65,0
0508-SQWPL,California,La Mesa,Female,0,1,1,57,1,0,0,0,0,0,0,0,0,1,1,0,20.1,0
0511-JTEOY,California,Canyon Dam,Female,0,0,0,1,1,0,1,0,0,0,0,0,0,0,0,1,71.1,1
0512-FLFDW,California,Palomar Mountain,Female,1,1,0,60,1,1,1,0,0,1,0,1,1,1,1,0,100.5,0
0513-RBGPE,California,Rancho Santa Fe,Male,0,1,0,37,1,1,1,1,0,1,1,0,0,1,1,0,62.8,0
0515-YPMCW,California,San Jose,Male,0,0,0,1,1,0,1,0,0,0,0,0,0,0,1,1,70.45,1
0516-OOHAR,California,Topanga,Male,0,1,1,28,1,0,1,0,1,1,0,1,1,1,0,0,100.35,0
0516-QREYC,California,Capay,Female,1,0,0,24,1,0,0,0,0,0,0,0,0,0,1,1,20.3,0
0516-UXRMT,California,Oxnard,Female,0,0,0,62,1,1,1,1,1,1,0,0,0,1,1,1,92.05,0
0516-VRYBW,California,Stanton,Female,0,0,0,18,1,0,0,0,0,0,0,0,0,1,0,0,20.15,1
0516-WJVXC,California,Sacramento,Female,0,0,0,5,1,0,1,1,0,0,1,0,0,0,0,1,54.2,1
0519-DRGTI,California,Stockton,Female,0,1,1,20,1,0,0,0,0,0,0,0,0,0,0,1,20.35,0
0519-XUZJU,California,Felton,Female,0,0,0,1,1,0,1,0,0,0,0,0,0,0,0,1,70.75,1
0520-FDVVT,California,Lewiston,Male,0,0,0,35,1,0,1,0,1,1,0,1,1,1,1,0,102.35,1
0523-VNGTF,California,Sun Valley,Female,1,0,0,52,0,0,1,0,1,1,1,1,0,0,1,1,50.5,0
0524-IAVZO,California,Anza,Female,0,1,0,30,1,1,1,0,0,0,0,0,1,0,1,1,85,1
0526-SXDJP,California,Bell,Male,0,1,0,72,0,0,1,1,1,1,0,0,0,1,0,0,42.1,0
0529-ONKER,California,Forest Ranch,Male,1,0,0,15,1,1,1,0,0,0,0,0,0,0,0,1,75.65,1
0530-IJVDB,California,Jamul,Male,0,0,1,70,1,1,1,1,1,1,1,1,1,1,1,1,114.6,0
0531-XBKMM,California,Azusa,Male,0,0,1,66,1,1,1,1,1,0,1,0,0,1,0,0,65.7,0
0531-ZZJWQ,California,Lone Pine,Male,1,1,0,55,1,1,1,0,0,0,0,0,0,0,1,1,74,0
0533-BNWKF,California,Palm Desert,Female,1,1,0,55,1,1,1,0,1,1,0,0,0,0,1,1,85.45,1
0533-UCAAU,California,Montgomery Creek,Male,1,1,0,57,1,1,1,0,1,1,0,1,0,1,1,0,71.1,0
0536-ACXIP,California,Lodi,Female,0,1,0,72,1,1,1,1,1,1,0,1,1,1,1,1,109.55,0
0536-BGFMZ,California,Leggett,Female,0,1,0,28,1,0,0,0,0,0,0,0,0,0,0,1,20.5,0
0536-ESJEP,California,Rough And Ready,Male,0,1,0,54,1,0,1,1,1,0,0,1,1,1,1,0,74.55,0
0537-QYZZN,California,Petaluma,Male,1,1,1,24,1,1,1,1,0,0,0,0,0,0,1,1,79.85,0
0541-FITGH,California,Hornitos,Female,0,1,0,2,1,0,1,1,0,0,0,0,1,0,1,1,62.15,0
0547-HURJB,California,Dixon,Male,0,0,1,12,1,0,0,0,0,0,0,0,0,0,0,0,21.05,0
0549-CYCQN,California,Flour0y,Male,1,0,0,51,1,1,1,0,1,0,0,0,0,1,1,0,79.6,0
0550-DCXLH,California,Thermal,Male,0,0,0,13,1,0,1,0,1,0,1,1,1,0,0,1,73.35,0
0556-FJEGU,California,Lafayette,Male,0,0,0,58,1,0,1,0,1,1,1,1,0,1,0,0,70.1,0
0557-ASKVU,California,Beverly Hills,Female,0,1,0,18,1,0,1,0,0,1,1,0,0,1,1,0,54.4,0
0559-CKHUS,California,Pleasanton,Female,0,1,0,29,1,0,0,0,0,0,0,0,0,1,1,1,19.55,0
0562-FGDCR,California,Whitmore,Female,0,1,1,72,1,1,1,1,1,0,1,1,0,1,0,1,74.55,0
0562-HKHML,California,Alameda,Male,0,1,1,71,1,1,0,0,0,0,0,0,0,1,0,0,23.9,0
0562-KBDVM,California,Herald,Female,0,0,0,70,0,0,1,1,1,1,1,0,0,1,1,0,44.6,0
0564-JJHGS,California,Guerneville,Male,0,0,0,9,1,1,1,0,0,0,0,1,1,0,1,1,95.5,1
0564-MUUQK,California,Imperial Beach,Female,0,1,1,20,1,1,1,0,0,1,1,0,1,0,1,0,95.5,0
0565-IYCGT,California,Cardiff By The Sea,Male,0,0,0,69,1,1,1,1,1,1,1,0,1,1,1,0,78.6,1
0565-JUPYD,California,Benicia,Male,0,0,0,63,1,1,1,1,1,1,1,1,0,1,0,0,104.5,0
0567-GGCAC,California,Biola,Female,0,0,0,7,1,0,1,1,1,1,0,0,0,0,0,1,61.4,0
0567-XRHCU,California,Los Angeles,Female,0,1,1,69,0,0,1,1,0,1,0,0,1,1,1,0,43.95,0
0568-ONFPC,California,San Francisco,Male,0,1,1,5,1,1,0,0,0,0,0,0,0,0,1,0,25.9,1
0570-BFQHT,California,Anderson,Female,0,0,0,9,1,0,1,0,1,1,0,0,0,0,0,1,80.55,0
0572-ZJKLT,California,Chester,Female,0,1,1,46,1,1,1,1,0,1,1,0,1,1,0,1,99.65,0
0575-CUQOV,California,Hilmar,Male,1,1,0,60,1,0,1,0,1,1,0,1,1,1,1,1,97.95,0
0576-WNXXC,California,Parlier,Male,1,1,0,27,1,1,1,0,1,1,0,0,1,0,1,1,95.55,1
0577-WHMEV,California,San Jose,Female,0,1,0,16,1,1,1,1,1,1,0,0,0,0,0,1,90.7,0
0578-SKVMF,California,Seeley,Female,0,1,0,22,1,0,1,0,1,0,0,0,1,0,0,1,83.3,1
0580-PIQHM,California,Riverside,Female,0,1,1,41,1,1,1,1,1,1,0,0,1,1,1,0,101.6,0
0581-BXBUB,California,Penn Valley,Female,1,0,0,4,1,0,1,0,1,0,0,0,0,0,0,1,72.75,0
0581-MDMPW,California,San Jose,Female,0,0,0,24,1,1,1,0,0,1,0,1,0,0,1,0,88.95,0
0582-AVCLN,California,Bakersfield,Female,0,0,0,38,1,0,0,0,0,0,0,0,0,1,0,1,20.3,0
0584-BJQGZ,California,Taylorsville,Female,0,0,0,25,1,1,1,1,1,1,1,1,0,0,1,0,78.35,0
0585-EGDDA,California,Etna,Male,0,1,0,40,1,0,1,0,1,1,0,0,0,0,1,1,80,0
0587-DMGBH,California,Willows,Female,0,0,0,8,1,0,1,1,0,0,0,0,0,0,1,1,49.85,1
0594-UFTUL,California,Mather,Male,0,1,1,13,1,0,0,0,0,0,0,0,0,0,1,1,19.85,0
0595-ITUDF,California,Fairfax,Male,0,1,1,64,1,1,1,1,1,1,0,0,0,0,1,1,91.8,0
0596-BQCEQ,California,Hydesville,Female,0,1,0,62,1,0,1,0,1,1,0,1,1,0,1,1,100.15,1
0599-XNYDO,California,Graton,Female,0,1,0,20,1,0,1,0,0,0,0,0,0,0,1,0,69.8,0
0601-WZHJF,California,Shafter,Male,0,1,0,14,0,0,1,0,0,0,0,1,1,0,0,1,46.35,1
0602-DDUML,California,Fallbrook,Female,0,0,0,57,1,0,1,0,1,1,1,1,0,1,0,1,69.75,0
0603-OLQDC,California,Whittier,Male,0,0,1,12,1,0,1,1,0,0,0,1,1,0,1,1,69.85,0
0603-TPMIB,California,San Simeon,Female,0,1,1,59,1,1,0,0,0,0,0,0,0,1,0,1,25.45,0
0604-THJFP,California,Castro Valley,Female,0,1,0,59,1,0,1,0,1,0,1,1,1,1,1,0,75.95,0
0607-DAAHE,California,Olivehurst,Male,0,0,0,53,1,0,0,0,0,0,0,0,0,1,0,0,19.75,1
0607-MVMGC,California,Ranchita,Male,0,1,0,45,1,1,1,0,1,1,0,1,1,1,0,0,78.75,0
0608-JDVEC,California,Dunlap,Male,0,1,0,50,1,0,0,0,0,0,0,0,0,1,0,1,19.8,0
0611-DFXKO,California,Comptche,Male,0,1,0,20,1,0,1,0,0,0,0,1,1,0,1,1,89,1
0612-RTZZA,California,Vista,Female,1,0,0,1,0,0,1,0,0,0,0,0,0,0,0,1,25.25,1
0613-WUXUM,California,Soquel,Female,0,1,1,70,1,0,0,0,0,0,0,0,0,1,1,1,19.2,0
0616-ATFGB,California,Shasta Lake,Male,1,1,0,1,0,0,1,0,0,0,0,0,0,0,0,1,25.05,1
0617-AQNWT,California,0rth Hills,Female,0,1,0,64,0,0,1,1,0,1,1,0,1,1,0,1,47.85,1
0617-FHSGK,California,Rancho Cordova,Male,0,0,0,49,1,1,1,0,0,0,0,0,0,0,0,0,75.2,1
0618-XWMSS,California,Wasco,Male,0,0,0,28,1,0,1,1,0,0,0,0,0,0,1,0,74.9,1
0619-OLYUR,California,Garden Grove,Male,0,1,0,72,1,1,1,1,0,1,1,1,1,1,1,0,111.9,0
0620-DLSLK,California,Pasadena,Female,0,0,0,13,1,0,1,0,0,0,0,1,0,0,1,1,81.9,0
0620-XEFWH,California,Oak Run,Male,0,1,1,4,1,0,0,0,0,0,0,0,0,0,0,1,18.85,0
0621-CXBKL,California,Copperopolis,Female,0,0,0,53,1,0,0,0,0,0,0,0,0,1,0,1,18.7,0
0621-HJWXJ,California,Irvine,Female,0,1,0,63,1,1,1,0,1,0,0,0,0,0,1,0,81.55,0
0621-JFHOL,California,0rth Hollywood,Female,0,0,0,10,0,0,1,0,0,0,1,0,0,1,1,1,29.6,0
0621-TSSMU,California,Maywood,Male,0,1,0,56,1,0,0,0,0,0,0,0,0,1,0,0,19.95,0
0621-TWIEM,California,Newhall,Male,0,0,0,10,1,0,1,0,0,0,0,0,0,0,1,1,45.55,1
0623-EJQEG,California,Murphys,Male,0,0,0,65,1,1,1,1,0,0,1,0,1,1,0,1,93.55,0
0623-GDISB,California,San Clemente,Female,0,0,0,1,1,0,1,1,0,0,0,0,0,0,1,0,48.45,0
0623-IIHUG,California,San Diego,Female,1,0,0,21,0,0,1,1,0,0,0,1,0,0,1,1,41.9,1
0625-AFOHS,California,Ferndale,Female,0,1,1,29,1,0,0,0,0,0,0,0,0,1,0,1,20.2,0
0626-QXNGV,California,Arcata,Female,0,1,0,72,1,1,0,0,0,0,0,0,0,1,1,0,24.15,0
0628-CNQRM,California,Ridgecrest,Male,0,1,0,22,1,0,1,1,0,1,1,1,0,1,1,0,67.5,1
0634-SZPQA,California,San Anselmo,Female,0,0,0,23,1,1,1,1,0,0,0,1,0,0,1,0,90.05,1
0635-WKOLD,California,Ceres,Male,0,1,0,40,1,1,1,0,1,0,1,1,0,1,0,0,70.75,0
0637-KVDLV,California,Elk Grove,Male,0,0,0,2,1,1,1,0,0,0,0,0,0,0,1,1,76.5,1
0637-UBJRP,California,Wilton,Male,0,1,0,13,1,0,1,1,0,0,0,0,1,0,0,1,84.05,1
0637-YLETY,California,Douglas City,Female,0,0,0,16,1,1,1,0,1,1,0,0,1,0,1,0,95.6,1
0639-TSIQW,California,White Water,Female,0,0,0,67,1,1,1,1,1,1,0,1,0,0,1,0,102.95,1
0640-YJTPY,California,Smartville,Male,0,1,1,72,1,0,0,0,0,0,0,0,0,1,0,0,21,0
0641-EVBOJ,California,Coarsegold,Male,0,0,0,3,1,0,1,1,0,0,1,0,0,0,1,1,82.3,0
0643-OKLRP,California,Azusa,Female,1,1,0,47,1,1,1,1,0,0,0,0,0,0,0,1,80.35,1
0644-OQMDK,California,Merced,Male,1,0,0,4,1,0,1,0,0,0,0,0,0,0,1,1,70.65,0
0650-BWOZN,California,Aguanga,Female,1,0,0,18,1,0,1,0,1,0,0,0,0,0,1,1,73.55,0
0654-HMSHN,California,Mojave,Male,0,1,0,21,1,1,1,0,1,1,0,1,1,0,0,1,104.4,1
0654-PQKDW,California,Pescadero,Female,0,1,1,62,1,0,1,1,0,1,1,1,0,1,1,0,70.75,0
0655-RBDUG,California,Alviso,Male,0,0,0,7,1,1,1,0,0,1,0,1,1,0,1,0,98.05,1
0655-YDGFJ,California,Palm Springs,Male,0,0,0,29,1,0,1,0,0,1,0,0,0,0,0,0,48.95,0
0657-DOGUM,California,Rancho Cucamonga,Female,0,1,0,48,1,1,1,1,0,0,1,0,0,1,1,0,60.6,0
0661-KBKPA,California,Seaside,Male,0,1,1,53,1,1,1,0,0,1,1,1,1,1,1,1,78.75,0
0661-KQHNK,California,Round Mountain,Female,0,1,1,6,1,0,0,0,0,0,0,0,0,1,0,0,19,0
0661-WCQNQ,California,Orleans,Male,0,1,0,22,1,0,1,1,0,0,1,0,0,1,1,0,56.25,0
0661-XEYAN,California,Nevada City,Female,1,0,0,1,0,0,1,0,0,0,0,0,0,0,1,1,25.8,1
0665-XHDJU,California,Monte Rio,Male,0,1,0,72,1,1,1,0,1,0,0,1,1,1,1,1,99.4,0
0666-UXTJO,California,Morongo Valley,Male,1,1,0,34,1,0,1,0,0,1,0,1,0,0,1,0,85.2,0
0667-NSRGI,California,Lodi,Female,0,1,0,48,1,1,1,0,0,1,1,0,1,1,1,1,69.55,0
0668-OGMHD,California,Santa Rosa,Female,0,1,0,21,0,0,1,1,0,0,0,0,0,0,0,1,28.5,0
0670-ANMUU,California,Chi0 Hills,Male,0,0,0,71,1,1,1,1,0,0,1,0,1,1,0,0,97.65,0
0670-KDOMA,California,Chowchilla,Female,0,0,0,1,1,0,0,0,0,0,0,0,0,0,1,1,20.25,0
0673-IGUQO,California,Phelan,Male,0,0,0,1,1,0,0,0,0,0,0,0,0,0,0,1,20.45,0
0674-DGMAQ,California,Elk,Male,1,1,0,32,1,1,1,0,1,1,0,0,1,0,1,1,93.5,0
0674-EYYZV,California,Los Angeles,Female,0,0,0,1,1,0,1,0,0,0,0,1,0,0,1,1,54.65,0
0674-GCDXG,California,Bakersfield,Male,0,0,0,63,1,1,1,1,0,1,1,0,1,1,1,0,71.9,0
0675-NCDYU,California,Placentia,Female,0,1,1,72,1,1,1,1,1,1,1,1,1,1,1,0,116.4,0
0678-RLHVP,California,Redwood City,Female,0,0,0,53,1,1,1,0,1,1,0,1,1,1,0,1,105.55,0
0679-IDSTG,California,Branscomb,Female,1,1,0,1,1,0,1,0,0,0,0,0,0,0,1,1,69.25,1
0679-TDGAK,California,Fres0,Male,0,1,1,50,1,0,1,1,0,0,1,1,1,1,0,1,75.5,0
0680-DFNNY,California,Winters,Male,0,1,0,15,1,1,1,0,0,1,0,1,1,0,1,1,101.1,1
0682-USIXD,California,Diamond Bar,Female,0,1,0,21,1,0,1,0,0,0,1,1,0,0,1,1,86.05,0
0684-AOSIH,California,Oro Grande,Male,0,1,0,1,1,0,1,1,0,0,0,1,1,0,1,1,95,1
0685-MLYYM,California,Buena Park,Female,1,0,0,2,1,0,1,0,0,0,0,0,0,0,0,1,70.75,1
0687-ZVTHB,California,Richmond,Male,0,1,0,65,1,1,1,1,1,1,0,0,1,1,0,0,72.45,1
0689-DSXGL,California,Yreka,Female,0,1,1,52,1,0,1,0,1,1,1,0,0,0,0,0,85.8,0
0689-NKYLF,California,Los Angeles,Male,0,0,0,13,1,0,1,0,0,1,0,1,0,0,1,1,83.2,1
0690-SRQID,California,Stockton,Male,0,0,0,4,1,0,0,0,0,0,0,0,0,0,1,1,19.65,0
0691-IFBQW,California,Biola,Female,1,0,0,46,1,1,1,1,1,1,0,1,1,1,1,1,110,1
0691-JVSYA,California,Pasadena,Female,0,1,0,53,1,0,1,0,0,1,0,1,1,1,1,0,94.85,1
0691-NIKRI,California,Elverta,Female,0,0,0,40,1,1,1,0,0,1,1,1,1,1,1,0,105.95,0
0696-UKTOX,California,0rth Hills,Male,0,0,1,23,1,0,1,0,1,0,1,0,0,0,0,1,54.15,0
0697-ZMSWS,California,Los Angeles,Male,0,0,0,4,1,1,1,0,0,0,0,0,1,0,1,1,85.65,1
0699-NDKJM,California,Westlake Village,Female,0,1,0,57,0,0,1,1,1,1,0,1,1,0,1,0,58.75,0
0701-RFGFI,California,La Mesa,Female,0,1,1,49,1,1,1,0,0,0,0,1,1,0,1,0,95.4,0
0701-TJSEF,California,Santa Barbara,Male,0,0,0,9,1,0,1,1,0,1,1,0,1,0,1,0,68.25,0
0702-PGIBZ,California,Dutch Flat,Male,0,0,0,4,1,1,1,0,1,0,0,1,1,0,1,1,101.7,1
0704-VCUMB,California,San Diego,Female,0,1,0,61,1,0,0,0,0,0,0,0,0,1,0,0,20.25,0
0707-HOVVN,California,Mi Wuk Village,Female,1,0,0,70,1,1,1,0,1,1,1,1,0,1,1,0,75.5,0
0708-LGSMF,California,Milpitas,Male,0,1,0,13,1,1,1,1,0,0,0,0,1,0,1,1,65.85,0
0708-SJDIS,California,West Hollywood,Female,0,0,0,34,1,1,1,0,0,0,1,1,0,0,0,1,65,0
0709-TVGUR,California,Stockton,Female,1,0,0,9,1,1,1,0,0,0,0,0,0,0,1,1,74.55,1
0716-BQNDX,California,Madera,Male,1,0,0,57,1,1,1,1,0,0,1,0,1,1,0,1,93.75,0
0719-SYFRB,California,0rco,Female,0,0,0,12,1,1,1,1,0,1,1,0,0,0,1,1,61.65,1
0722-SVSFK,California,Half Moon Bay,Female,0,0,0,7,1,0,1,0,0,1,1,1,1,0,1,1,100.4,0
0722-TROQR,California,Davis,Female,1,0,0,4,1,1,1,0,0,0,0,0,0,0,1,1,74.9,1
0723-DRCLG,California,Holtville,Female,1,1,0,1,1,1,1,0,0,0,0,0,0,0,1,1,74.45,1
0723-FDLAY,California,Gold Run,Male,0,0,0,44,1,1,1,0,1,1,1,1,1,1,1,0,85.25,0
0723-VSOBE,California,Dos Rios,Female,1,0,0,45,0,0,1,0,0,0,0,0,1,1,0,1,34.2,0
0725-CXOTM,California,Manteca,Female,0,0,0,36,1,1,1,1,0,1,1,1,1,1,1,0,89.65,0
0727-BMPLR,California,Fres0,Female,1,0,0,55,1,1,1,0,0,1,0,1,1,1,1,1,100,1
0727-BNRLG,California,Los Angeles,Male,0,0,0,69,1,1,1,0,1,1,1,1,0,1,1,0,97.65,0
0727-IWKVK,California,Yermo,Male,0,1,0,9,1,0,1,0,1,1,0,0,0,0,1,1,79.9,1
0730-BGQGF,California,Grover Beach,Male,0,1,1,71,1,1,1,1,1,1,1,1,1,1,0,0,90.3,0
0730-KOAVE,California,Redwood City,Male,0,0,0,30,1,1,1,1,1,0,0,0,1,0,1,0,94.3,0
0731-EBJQB,California,Downey,Female,0,1,0,52,1,0,0,0,0,0,0,0,0,1,1,1,20.4,0
0732-OCQOC,California,Death Valley,Female,0,1,0,52,1,1,0,0,0,0,0,0,0,1,1,0,25.05,0
0733-VUNUW,California,San Francisco,Male,0,0,0,24,1,1,1,1,0,0,0,0,0,0,1,0,55.65,1
0734-OXWBT,California,Covina,Male,0,0,1,3,1,0,1,0,0,0,1,1,1,0,0,1,70.7,0
0739-UUAJR,California,Mountain View,Female,0,1,1,72,0,0,1,1,0,1,0,1,1,1,1,0,53.8,0
0742-LAFQK,California,Fullerton,Male,0,1,0,72,1,1,1,1,1,1,0,0,1,1,1,1,99.15,0
0742-MOABM,California,Pa0rama City,Male,0,1,0,4,1,0,1,0,0,0,1,0,0,0,0,1,50.05,1
0742-NXBGR,California,Adin,Female,0,0,0,1,1,0,1,0,1,1,0,0,0,0,1,1,82.3,1
0743-HNPFG,California,Butte City,Female,0,1,0,51,1,0,1,1,1,0,1,0,1,1,1,0,69.75,0
0743-HRVFF,California,Bakersfield,Female,0,1,1,51,0,0,1,0,0,1,1,1,1,1,1,1,56.15,0
0744-BIKKF,California,Mecca,Male,0,0,0,72,1,1,1,1,1,1,1,1,1,1,0,0,86.65,0
0744-GKNGE,California,Inglewood,Female,0,1,1,64,1,1,1,1,0,0,1,0,0,0,1,0,86.8,0
0746-JTRFU,California,Kingsburg,Male,0,0,0,2,0,0,1,0,0,0,0,0,0,0,1,1,25.05,1
0748-RDGGM,California,Tarzana,Male,0,1,0,70,1,0,1,1,1,1,1,1,1,1,1,0,109.5,1
0749-IRGQE,California,Buena Park,Female,1,1,0,13,0,0,1,0,0,0,0,1,1,0,0,1,45.3,0
0750-EBAIU,California,Temecula,Male,0,0,0,52,1,0,1,1,0,1,0,1,0,1,0,1,91.25,0
0750-EKNGL,California,Hyampom,Male,0,0,0,7,1,0,0,0,0,0,0,0,0,0,0,1,20.75,0
0754-EEBDC,California,Covina,Male,0,1,1,4,1,0,0,0,0,0,0,0,0,1,0,1,19.9,0
0754-UKWQP,California,Cool,Male,0,0,0,2,1,0,1,0,0,1,0,1,1,0,1,1,95.85,1
0756-MPZRL,California,Pauma Valley,Male,0,0,0,46,0,0,1,0,0,1,1,0,0,1,0,0,33.7,0
0757-WCUUZ,California,June Lake,Male,0,1,1,54,1,1,1,0,0,1,0,0,1,1,0,0,63.35,0
0761-AETCS,California,Colton,Female,0,0,0,1,1,0,0,0,0,0,0,0,0,0,0,1,19.3,1
0769-MURVM,California,Carmel Valley,Female,0,1,1,72,0,0,1,1,1,1,1,1,1,1,0,0,65.7,0
0771-CHWSK,California,Brawley,Male,0,0,0,66,1,1,1,1,1,1,0,0,1,1,1,0,74.6,0
0771-WLCLA,California,Big Bear Lake,Female,0,1,1,16,1,1,1,1,0,1,1,1,1,0,1,1,112.95,0
0772-GYEQQ,California,Lodi,Male,0,0,0,3,1,0,1,0,0,1,1,1,0,0,1,1,88.35,1
0774-IFUVM,California,Stockton,Male,0,1,1,11,1,1,1,1,0,0,0,1,0,0,1,0,65.15,0
0774-RMNUW,California,Pala,Female,0,1,1,71,0,0,1,1,1,0,1,1,1,1,0,0,59.7,0
0778-NELLA,California,Anaheim,Male,0,0,0,9,0,0,1,0,0,0,0,1,0,0,1,0,34.7,1
0780-XNZFN,California,Oakland,Male,0,0,0,57,1,0,0,0,0,0,0,0,0,1,0,0,20.65,0
0781-LKXBR,California,San Francisco,Male,1,0,0,9,1,1,1,0,0,1,0,1,1,0,1,1,100.5,1
0784-GTUUK,California,Newman,Male,0,1,0,62,1,1,0,0,0,0,0,0,0,1,1,0,23.75,0
0784-ZQJZX,California,Spreckels,Male,0,0,1,72,1,0,0,0,0,0,0,0,0,1,0,0,19.9,0
0786-IVLAW,California,Valley Village,Female,1,0,0,66,1,1,1,0,1,1,0,1,1,1,0,0,108.1,0
0786-VSSUD,California,San Diego,Male,1,0,0,16,0,0,1,0,1,0,0,1,0,0,1,1,39,1
0787-LHDYT,California,Carmel Valley,Male,0,0,0,16,1,0,0,0,0,0,0,0,0,0,1,0,20.6,0
0788-DXBFY,California,Tustin,Male,0,1,0,58,1,0,0,0,0,0,0,0,0,1,1,1,19.55,0
0793-TWELN,California,Los Angeles,Female,0,0,0,4,1,1,1,1,0,0,0,0,0,0,1,1,80.15,0
0794-YVSGE,California,Pasadena,Male,0,1,1,72,1,0,0,0,0,0,0,0,0,1,0,0,20.3,0
0795-GMVQO,California,San Diego,Male,0,1,0,67,1,1,1,1,1,1,0,1,1,1,0,0,109.9,0
0795-LAFGP,California,Fullerton,Male,0,1,0,71,1,1,1,1,1,1,1,1,1,1,0,1,90.4,0
0795-XCCTE,California,Bishop,Male,1,0,0,72,1,1,0,0,0,0,0,0,0,1,0,0,25.4,0
0799-DDIHE,California,Grenada,Female,0,1,1,15,1,0,1,0,0,0,0,0,0,0,0,1,46.3,0
0804-XBFBV,California,Foothill Ranch,Female,0,0,1,11,0,0,1,0,0,0,0,0,0,0,0,1,25.2,0
0804-YGEQV,California,Palm Desert,Female,0,1,1,43,1,1,0,0,0,0,0,0,0,1,1,0,24.45,0
0807-ZABDG,California,Woodland,Female,0,0,1,3,1,0,1,1,0,0,1,0,0,0,1,1,55.1,1
0810-BDHAW,California,Chowchilla,Female,0,1,0,24,1,1,1,1,1,0,0,1,1,1,0,1,78.4,0
0810-DHDBD,California,Rohnert Park,Female,0,0,0,52,1,1,1,1,0,1,1,1,0,1,0,0,74,0
0811-GSDTP,California,Alameda,Female,0,0,1,13,0,0,1,0,1,0,0,0,0,0,0,1,30.15,0
0812-WUPTB,California,Corona Del Mar,Male,1,1,0,1,1,0,1,0,0,0,0,0,0,0,0,1,70.85,1
0813-TAXXS,California,Alderpoint,Male,0,0,0,55,1,1,1,0,0,1,0,1,1,1,1,0,77.8,0
0815-MFZGM,California,Morgan Hill,Female,0,1,0,42,1,0,1,0,0,1,1,1,1,1,1,0,99,0
0816-TSPHQ,California,Kettleman City,Male,0,0,0,2,1,0,0,0,0,0,0,0,0,0,0,1,20.75,0
0817-HSUSE,California,Altadena,Male,0,0,0,1,1,0,1,0,0,1,1,1,1,0,1,1,75.5,0
0818-OCPZO,California,Los Angeles,Male,1,0,0,27,1,1,1,0,1,0,0,0,0,0,1,1,81.45,1
0820-FNRNX,California,Lafayette,Male,0,1,1,17,1,1,1,0,1,1,1,0,0,0,1,1,66.7,0
0822-GAVAP,California,Posey,Female,0,0,0,2,0,0,1,0,0,0,0,0,1,0,1,1,34.7,1
0822-QGCXA,California,Los Angeles,Female,1,1,0,27,1,1,1,0,1,1,1,1,1,0,0,1,83.85,0
0823-HSCDJ,California,Onyx,Male,1,0,0,52,0,0,1,0,1,0,0,1,1,0,1,1,49.15,1
0824-VWDPO,California,Mckinleyville,Female,0,0,0,45,1,1,1,1,1,0,0,0,1,1,0,0,96.75,0
0825-CPPQH,California,Laytonville,Female,0,1,0,71,1,0,0,0,0,0,0,0,0,1,0,0,19.1,0
0827-ITJPH,California,Los Angeles,Male,0,0,0,36,1,0,0,0,0,0,0,0,0,1,1,0,18.55,0
0829-DDVLK,California,Orange,Female,0,0,0,15,1,0,0,0,0,0,0,0,0,1,0,0,20.1,0
0829-XXPLX,California,Cutler,Female,0,0,0,20,1,0,1,1,0,1,0,1,0,0,1,0,89.4,0
0831-JNISG,California,San Jose,Male,0,1,1,71,1,0,0,0,0,0,0,0,0,1,0,1,19.8,0
0835-DUUIQ,California,Alameda,Female,0,0,0,24,1,0,0,0,0,0,0,0,0,1,0,0,21.05,0
0835-JKADZ,California,San Francisco,Female,0,0,0,71,1,1,1,0,1,1,1,1,1,1,1,1,111.25,0
0836-SEYLU,California,San Diego,Male,0,1,0,9,0,0,1,0,0,0,1,1,0,0,0,1,40.65,1
0839-JTCUD,California,Mission Viejo,Female,0,1,0,66,1,1,1,1,1,1,1,1,1,1,0,0,89.9,0
0839-QNXME,California,Surfside,Female,0,0,0,30,1,0,0,0,0,0,0,0,0,1,0,0,19.4,0
0840-DCNZE,California,Newport Beach,Male,0,0,0,47,1,0,1,1,1,1,1,1,1,1,1,0,86.95,0
0840-DFEZH,California,Los Angeles,Female,0,0,0,7,1,1,1,0,0,0,0,0,0,0,1,1,75.35,0
0841-NULXI,California,Stockton,Male,0,0,0,1,0,0,1,0,0,0,0,0,1,0,1,1,35.55,1
0842-IWYCP,California,Helendale,Female,0,0,0,46,1,0,1,0,0,0,0,0,0,0,0,0,44.95,0
0843-WTBXE,California,Landers,Male,0,0,0,53,1,1,1,0,0,0,0,1,0,0,0,0,85.45,1
0847-HGRML,California,0rth Palm Springs,Male,0,0,1,62,1,0,0,0,0,0,0,0,0,1,0,0,20,0
0848-SOMKO,California,Shingle Springs,Male,0,0,0,70,0,0,1,1,0,1,1,0,1,1,0,0,48.4,0
0848-ZGQIJ,California,Saratoga,Female,0,1,0,16,1,0,1,0,1,0,0,1,1,0,1,0,94.65,0
0851-DFJKB,California,Concord,Female,0,0,0,15,1,0,1,1,0,1,1,0,0,0,0,1,58.95,0
0853-NWIFK,California,Woodacre,Female,0,0,0,45,1,0,1,1,1,0,0,1,1,1,1,1,100.3,0
0853-TWRVK,California,0rth Hollywood,Male,0,1,0,72,1,1,1,1,1,1,1,0,1,1,0,0,105.6,0
0854-UYHZD,California,West Covina,Female,0,1,1,13,1,0,0,0,0,0,0,0,0,1,0,1,19.55,0
0856-NAOES,California,Concord,Male,0,0,0,6,1,0,1,0,0,1,0,1,0,0,0,1,60.9,0
0859-YGKFW,California,Olivehurst,Male,0,1,1,18,1,0,0,0,0,0,0,0,0,1,0,0,20.05,0
0862-PRCBS,California,San Francisco,Female,0,1,1,68,1,1,1,0,1,0,1,1,1,1,1,0,103.75,0
0864-FVJNJ,California,Trinidad,Female,0,1,1,64,1,1,1,1,1,1,1,1,1,1,0,1,113.35,0
0866-QLSIR,California,Garden Grove,Female,0,0,0,34,1,1,1,1,1,0,1,0,0,1,1,1,64.4,1
0867-LDTTC,California,Sacramento,Male,0,0,0,5,1,0,1,0,0,1,1,1,1,0,0,0,75.15,0
0867-MKZVY,California,Altadena,Female,0,1,1,20,1,1,1,1,0,0,0,0,0,0,0,1,82.4,1
0868-VJRDR,California,Cassel,Male,0,1,0,64,1,0,1,1,1,0,1,1,1,1,1,0,104.05,0
0869-PAPRP,California,Pixley,Female,1,1,0,26,1,0,1,0,0,1,0,1,0,0,1,0,85.7,0
0870-VEMYL,California,Columbia,Female,0,0,0,5,1,0,1,1,0,0,1,0,0,0,0,0,53.85,1
0871-OPBXW,California,Twentynine Palms,Female,0,0,0,2,1,0,0,0,0,0,0,0,0,0,1,1,20.05,0
0871-URUWO,California,Sheep Ranch,Male,0,1,0,13,1,1,1,0,0,1,0,1,1,0,1,0,102.25,1
0872-CASZJ,California,Hamilton City,Male,0,1,0,59,1,1,1,1,0,0,1,0,1,1,1,1,69.1,0
0872-JCPIB,California,Pinecrest,Male,0,0,0,17,1,1,1,1,0,0,0,0,1,0,0,0,65.75,0
0872-NXJYS,California,West Hollywood,Female,0,0,0,9,1,0,1,0,0,0,0,0,1,0,1,1,79.55,1
0875-CABNR,California,San Luis Obispo,Female,1,0,0,10,1,0,1,0,0,1,0,0,1,0,1,0,84.6,1
0876-WDUUZ,California,Pine Grove,Female,0,0,0,5,1,0,1,0,0,0,1,0,1,0,1,0,85.4,1
0877-SDMBN,California,Parker Dam,Female,0,0,0,54,1,1,1,1,0,1,0,1,1,1,1,0,103.95,1
0880-FVFWF,California,Livermore,Male,0,0,0,56,1,1,1,1,1,0,0,0,0,0,1,1,86.4,0
0880-TKATG,California,Lucerne Valley,Male,0,1,0,4,1,1,1,0,0,1,0,1,1,0,0,1,101.15,1
0883-EIBTI,California,Clarksburg,Female,0,0,0,2,1,0,0,0,0,0,0,0,0,0,0,1,19.5,1
0885-HMGPY,California,Honeydew,Male,0,0,0,62,1,1,1,1,1,1,1,0,0,1,0,0,69.4,0
0886-QGENL,California,San Diego,Female,1,1,0,27,1,0,1,1,0,1,0,1,1,0,1,1,101.25,1
0887-HJGAR,California,Coalinga,Male,0,0,0,1,1,0,1,0,0,0,0,0,0,0,1,1,45.7,1
0887-WBJVH,California,Cressey,Female,0,1,0,53,1,0,1,0,0,0,1,1,1,1,1,1,93.45,0
0895-DQHEW,California,Burney,Male,0,1,0,54,1,1,1,0,1,1,0,1,1,0,1,1,104.3,1
0895-LMRSF,California,Imperial Beach,Male,0,0,0,23,1,0,1,0,0,0,0,1,1,1,1,0,64.9,0
0895-LNKRC,California,El Monte,Male,0,1,1,6,1,0,0,0,0,0,0,0,0,1,0,1,19.45,0
0895-UADGO,California,River Pines,Male,0,0,0,8,0,0,1,1,0,0,1,0,1,1,1,1,44.55,0
0897-FEGMU,California,Los Angeles,Female,0,1,0,11,1,1,1,0,0,1,0,1,1,0,1,1,99.5,1
0898-XCGTF,California,Los Angeles,Male,0,1,0,61,1,1,1,0,0,0,0,1,1,1,1,0,96.5,0
0899-LIIBW,California,Forks Of Salmon,Male,0,1,0,34,1,1,1,0,0,1,0,1,1,0,0,1,100.85,0
0899-WZRSD,California,Marina Del Rey,Male,0,0,0,56,1,1,1,1,0,0,1,1,1,0,1,1,105.35,0
0902-RFHOF,California,Loomis,Male,0,0,0,38,1,0,0,0,0,0,0,0,0,1,0,1,20.1,0
0902-XKXPN,California,Redding,Male,0,1,1,69,1,0,0,0,0,0,0,0,0,1,0,0,20.2,0
0906-QVPMS,California,Monterey,Male,0,1,0,72,1,1,1,1,1,1,1,1,1,1,0,0,115.15,0
0907-HQNTS,California,Pittsburg,Female,1,1,0,70,1,1,1,1,1,1,1,1,1,1,1,0,113,0
0909-SDHNU,California,Los Angeles,Female,0,0,1,7,0,0,1,1,0,0,0,0,0,0,0,1,29.8,0
0909-SELIE,California,Clearlake Oaks,Male,0,1,0,61,1,1,1,1,1,1,1,0,1,1,1,0,80.8,0
0913-XWSCN,California,Sun City,Male,0,1,1,55,1,1,1,0,0,0,0,0,1,0,0,0,85.5,0
0916-KNFAJ,California,San Jose,Male,0,1,0,61,1,1,1,1,0,1,0,0,1,1,1,1,69.9,0
0916-QOFDP,California,Randsburg,Female,1,1,1,14,1,1,1,0,0,0,0,1,1,0,1,1,95.8,0
0917-EZOLA,California,Lakewood,Male,1,1,0,72,1,1,1,0,1,1,0,1,1,1,1,0,104.15,1
0921-OHLVP,California,Paradise,Male,0,0,0,22,1,1,1,0,0,0,0,0,1,0,0,1,83.05,0
0923-PNFUB,California,Westlake Village,Female,0,0,0,3,1,0,1,0,1,0,0,1,0,0,0,1,83.75,1
0924-BJCRC,California,Felton,Female,1,1,0,60,1,1,1,0,1,0,0,0,1,0,0,1,89.45,0
0925-VYDLG,California,Ludlow,Female,0,0,0,3,1,1,1,0,0,0,0,0,0,0,0,1,75.25,1
0927-CNGRH,California,Alta,Male,0,0,1,1,1,0,0,0,0,0,0,0,0,0,0,1,19.55,0
0927-LCSMG,California,San Jose,Male,0,0,0,7,1,0,1,0,0,1,0,0,0,0,0,1,74.65,1
0928-JMXNP,California,Los Moli0s,Male,1,1,0,4,0,0,1,0,0,1,0,0,0,0,1,1,29.9,0
0928-XUTSN,California,Brawley,Female,0,0,0,13,1,0,1,0,0,0,0,0,1,0,1,1,80.5,0
0929-HYQEW,California,Oakland,Male,0,0,0,3,1,0,1,1,0,0,0,0,0,0,1,1,50.15,0
0929-PECLO,California,Klamath,Female,1,0,0,63,1,1,1,0,0,1,0,0,1,0,1,0,89.6,0
0930-EHUZA,California,Calpine,Female,0,0,0,36,1,0,1,1,1,1,1,1,0,1,1,1,76.35,0
0931-MHTEM,California,Big Bar,Female,0,0,0,54,1,0,1,1,1,0,0,1,1,1,1,0,100.05,0
0932-YIXYU,California,Dos Palos,Female,0,0,0,47,1,0,0,0,0,0,0,0,0,1,0,0,20.25,0
0936-NQLJU,California,Mokelumne Hill,Female,0,1,0,41,1,0,0,0,0,0,0,0,0,1,0,0,20.65,0
0939-EREMR,California,Chico,Female,0,0,1,13,1,0,1,0,0,1,1,0,0,0,0,1,53.45,0
0939-YAPAF,California,Santa Ana,Female,0,0,0,35,1,1,1,0,0,1,0,1,1,0,1,1,100.25,1
0940-OUQEC,California,Winters,Male,0,0,0,10,1,1,1,0,1,0,0,0,0,0,1,0,80.7,1
0942-KOWSM,California,Hesperia,Female,0,1,0,30,1,0,1,0,1,1,1,1,1,1,0,0,80.8,0
0943-ZQPXH,California,Vacaville,Male,0,1,1,44,1,0,1,0,0,1,0,1,1,0,1,0,92.95,0
0945-TSONX,California,Enci0,Female,0,1,0,47,1,1,1,1,1,0,1,1,1,1,1,0,85.3,0
0946-CLJTI,California,Palmdale,Male,1,1,0,58,1,1,1,0,0,1,0,1,1,0,1,1,98.7,1
0946-FKYTX,California,Tulare,Male,0,0,0,52,0,0,1,0,1,0,0,0,0,1,0,1,30.1,0
0947-IDHRQ,California,Woodland Hills,Female,0,0,0,7,1,0,1,0,0,0,0,1,0,0,1,1,80.3,1
0947-MUGVO,California,Jolon,Male,1,1,0,20,1,0,1,0,1,0,0,0,0,0,1,1,73.65,1
0952-KMEEH,California,Mountain View,Male,0,0,0,13,1,1,1,1,0,0,0,1,1,0,0,1,98.15,1
0953-LGOVU,California,Clearlake,Male,0,1,1,12,0,0,1,0,1,0,1,0,0,0,0,1,35.5,0
0956-ACVZC,California,0vato,Female,0,0,0,54,1,0,1,0,0,1,0,1,1,1,1,0,94.1,0
0956-SYCWG,California,Agoura Hills,Female,0,0,0,13,1,0,0,0,0,0,0,0,0,1,0,1,19.65,0
0958-YHXGP,California,Oakland,Female,0,0,0,7,1,0,1,0,0,0,0,0,0,0,1,1,69.9,0
0959-WHOKV,California,Covina,Male,0,0,0,42,1,1,1,1,1,1,0,0,1,1,1,1,99,0
0960-HUWBM,California,Pleasant Grove,Male,0,1,1,65,1,1,1,0,0,1,1,1,1,1,1,0,104.1,0
0961-ZWLVI,California,Rancho Cordova,Male,0,0,1,49,1,1,1,1,1,1,0,1,1,1,1,0,109.2,0
0962-CQPWQ,California,Alameda,Female,0,1,1,62,1,0,0,0,0,0,0,0,0,1,0,0,20.3,0
0963-ZBDRN,California,Claremont,Male,0,0,0,32,1,0,1,0,0,0,1,1,1,0,1,1,96.2,1
0967-BMLBD,California,Hornitos,Female,0,1,1,11,1,0,0,0,0,0,0,0,0,1,1,1,20,0
0968-GSIKN,California,Thousand Palms,Female,0,0,0,1,1,0,1,0,0,0,0,0,0,0,1,1,70.8,1
0969-RGKCU,California,Woodland Hills,Male,0,1,1,37,1,0,0,0,0,0,0,0,0,1,0,0,19.8,0
0970-ETWGE,California,Bodfish,Male,0,0,0,1,1,0,1,0,0,0,0,1,1,0,1,1,89.55,1
0970-QXPXW,California,Monrovia,Female,0,0,0,1,1,0,0,0,0,0,0,0,0,0,0,1,19.65,0
0971-QIFJK,California,Soquel,Female,0,1,0,69,1,1,0,0,0,0,0,0,0,1,0,0,24.25,0
0973-KYVNF,California,Castaic,Female,0,1,0,72,1,0,1,1,1,1,0,1,0,1,1,0,70.65,0
0975-UYDTX,California,Glendale,Female,0,1,0,26,1,1,1,1,1,1,1,1,1,1,1,0,90.1,0
0975-VOOVL,California,Agoura Hills,Female,0,0,0,3,0,0,1,0,1,0,0,0,0,0,0,1,29.2,0
0979-MOZQI,California,Monterey,Male,0,1,0,62,0,0,1,0,0,0,1,1,0,1,1,0,39,0
0979-PHULV,California,Holtville,Male,0,1,0,69,1,1,1,0,0,1,0,1,1,0,1,0,99.45,1
0980-FEXWF,California,Fiddletown,Male,0,1,1,26,1,0,1,0,0,1,0,0,0,1,0,1,50.35,0
0980-PVMRC,California,Squaw Valley,Female,0,1,1,40,0,0,1,0,1,0,0,1,1,0,1,1,50.85,0
0983-TATYJ,California,Santa Ynez,Female,0,1,0,33,1,0,1,0,0,0,1,0,0,1,1,1,51.45,0
0988-AADSA,California,Forbestown,Female,0,1,1,72,1,1,1,1,1,1,1,0,1,1,0,0,80.85,0
0988-JRWWP,California,Wilseyville,Female,0,0,0,3,1,0,1,0,0,0,0,1,0,0,1,1,54.2,0
0991-BRRFB,California,Corona,Male,0,0,0,18,1,0,1,1,0,0,0,0,0,0,0,1,49.4,1
0993-OSGPT,California,Junction City,Female,1,1,0,68,1,0,1,0,1,1,1,0,0,1,1,0,60.65,0
0997-YTLNY,California,Escondido,Female,0,0,1,19,1,0,1,0,0,0,1,0,0,0,0,1,48.8,0
0999-QXNSA,California,Los Angeles,Male,1,0,1,7,1,0,1,0,0,0,0,0,0,0,1,1,45.75,0
1000-AJSLD,California,Los Angeles,Male,0,0,0,1,1,0,0,0,0,0,0,0,0,0,1,1,20.1,1
1004-0ZNR,California,Glen Ellen,Male,1,0,1,56,1,0,1,1,0,0,0,1,1,1,0,0,94.8,0
1009-IRMNA,California,Port Hueneme,Female,0,0,0,7,1,0,0,0,0,0,0,0,0,0,0,0,20,1
1010-DIAUQ,California,San Diego,Male,0,0,0,5,1,0,1,0,0,1,0,1,1,0,0,0,96.5,1
1013-QCWAM,California,Garden Grove,Female,1,1,0,66,1,1,1,0,1,0,0,1,1,0,1,1,100.8,0
1015-JPFYW,California,Clements,Male,0,0,1,7,1,0,0,0,0,0,0,0,0,1,0,1,19.45,0
1015-OWJKI,California,Lawndale,Male,0,0,0,1,1,0,0,0,0,0,0,0,0,0,0,1,19.05,0
1016-DJTSV,California,Santee,Male,1,0,0,8,1,0,1,0,0,0,0,0,0,0,1,1,69.7,0
1017-FBQMM,California,Acampo,Female,0,1,1,62,1,1,1,0,1,0,1,1,1,1,1,0,106.05,0
1020-JPQOW,California,Angwin,Female,0,1,0,56,1,1,1,0,1,1,1,0,0,0,0,1,90.55,0
1022-RKXDR,California,South El Monte,Female,0,0,0,41,1,1,0,0,0,0,0,0,0,1,1,1,24.85,0
1023-BQXZE,California,Stockton,Male,0,0,0,57,1,0,1,1,0,1,0,1,1,1,1,0,74.35,0
1024-GUALD,California,Glendale,Female,0,1,0,1,0,0,1,0,0,0,0,0,0,0,1,1,24.8,1
1024-KPRBB,California,San Diego,Female,0,0,0,38,1,0,1,0,0,0,0,1,1,1,1,1,89.1,0
1024-VRZHF,California,Encinitas,Male,0,1,0,11,1,1,1,0,0,0,0,0,0,0,1,1,74.95,1
1025-FALIX,California,Nicolaus,Female,0,0,0,26,1,0,1,0,0,0,0,0,0,0,1,0,69.05,0
1027-LKKQQ,California,Plymouth,Female,0,1,1,72,1,0,1,1,0,1,1,1,1,1,1,0,80.45,0
1028-FFNJK,California,Burbank,Male,1,1,0,30,1,1,1,0,0,0,1,1,1,0,1,1,101.5,0
1029-QFBEN,California,San Luis Obispo,Male,0,0,0,1,1,0,0,0,0,0,0,0,0,0,0,1,19.55,1
1031-IIDEO,California,Sierra City,Female,0,0,0,1,1,0,1,0,0,0,0,0,0,0,1,1,70.85,1
1032-MAELW,California,Fres0,Female,0,1,1,68,1,1,1,1,1,1,1,0,1,1,1,1,78.45,0
1035-IPQPU,California,Parker Dam,Female,1,1,0,63,1,1,1,0,1,1,0,1,1,0,1,1,103.5,0
1036-GUDCL,California,Oak Park,Male,0,1,1,60,1,0,1,1,1,0,1,1,1,0,1,0,79.05,0
1038-RQOST,California,Zenia,Male,0,1,1,19,1,0,0,0,0,0,0,0,0,0,0,1,20.6,0
1038-ZAGBI,California,Fres0,Female,0,1,0,12,1,0,0,0,0,0,0,0,0,1,0,0,19.8,1
1041-RXHRA,California,Guatay,Female,0,0,0,41,1,0,1,0,0,0,0,0,0,0,0,0,70.25,1
1042-HFUCW,California,Cobb,Female,0,0,1,25,1,0,1,0,1,0,1,0,0,1,1,0,54.75,0
1043-UXOVO,California,Sacramento,Female,0,0,0,71,1,1,1,1,1,1,1,1,1,1,1,0,113.15,0
1043-YCUTE,California,Hayward,Male,0,1,0,56,1,1,0,0,0,0,0,0,0,1,1,0,25.15,1
1045-LTCYT,California,San Jose,Female,0,1,1,8,1,0,0,0,0,0,0,0,0,0,0,0,21.05,0
1047-NNCBF,California,San Jose,Male,0,0,0,20,1,0,1,0,0,0,0,0,0,0,0,0,70.55,0
1047-RNXZV,California,Glendale,Male,0,0,0,43,1,0,0,0,0,0,0,0,0,1,0,1,19.55,0
1049-FYSYG,California,Ridgecrest,Female,0,1,0,17,0,0,1,0,1,1,0,0,0,0,1,0,35.65,0
1051-EQPZR,California,Stanford,Female,0,1,1,44,1,0,0,0,0,0,0,0,0,0,0,1,19.6,0
1051-GEJLJ,California,San Gregorio,Female,0,0,0,2,1,0,0,0,0,0,0,0,0,0,0,1,19.5,0
1052-QJIBV,California,Colfax,Female,0,1,1,71,1,0,0,0,0,0,0,0,0,1,0,0,19.9,0
1053-MXTTK,California,0rth Hollywood,Female,0,1,1,72,1,0,1,1,1,1,1,1,1,1,1,0,108.65,0
1057-FOGLZ,California,Calimesa,Female,0,0,0,18,1,0,0,0,0,0,0,0,0,0,0,1,19.65,0
1060-ENTOF,California,Los Angeles,Female,1,1,0,67,1,1,1,1,1,1,1,0,1,1,1,0,105.4,0
1061-PNTHC,California,Encinitas,Female,0,1,1,56,1,1,1,1,0,1,1,1,1,0,1,1,109.6,0
1062-LHZOD,California,Los Angeles,Male,0,1,0,1,1,0,1,0,0,0,0,0,0,0,1,1,69.9,1
1063-DHQJF,California,Whittier,Male,0,1,1,69,1,0,1,0,1,0,1,1,0,1,1,1,92.15,0
1064-FBXNK,California,Sacramento,Male,0,1,1,1,1,0,0,0,0,0,0,0,0,1,0,0,19.85,0
1066-JKSGK,California,Los Angeles,Male,0,0,0,1,1,0,0,0,0,0,0,0,0,0,0,1,20.15,1
1069-QJOEE,California,Hayward,Male,0,1,1,25,1,0,0,0,0,0,0,0,0,1,0,1,19.9,0
1069-XAIEM,California,Mendoci0,Female,1,0,0,1,1,1,1,0,0,0,0,0,1,0,1,1,85.05,1
1073-XXCZD,California,Bakersfield,Male,0,1,0,55,1,1,0,0,0,0,0,0,0,1,0,0,25.7,0
1074-AMIOH,California,San Francisco,Female,0,1,1,53,1,0,1,0,1,1,1,1,1,0,1,0,108.25,0
1074-WVEVG,California,Los Angeles,Female,0,1,0,59,1,0,0,0,0,0,0,0,0,1,0,1,20.35,0
1075-BGWOH,California,Rosemead,Male,1,1,0,16,1,1,1,0,0,1,0,1,1,0,1,1,98.75,1
1077-HUUJM,California,Rancho Cucamonga,Female,0,0,1,7,1,0,1,0,0,0,0,0,0,0,1,1,71.05,0
1078-TDCRN,California,Agoura Hills,Female,1,1,0,3,0,0,1,0,1,0,0,0,0,0,1,1,30.75,0
1080-BWSYE,California,Irvine,Male,1,1,0,64,1,1,0,0,0,0,0,0,0,1,0,0,25.65,0
1084-MNSMJ,California,El Dorado,Female,0,1,0,51,1,0,1,1,1,1,1,1,1,1,0,0,85.5,0
1084-UQCHV,California,Angelus Oaks,Male,0,0,0,1,1,0,1,0,0,0,0,0,0,0,0,0,69.75,1
1085-LDWAM,California,Portola,Female,0,1,1,69,1,0,0,0,0,0,0,0,0,1,1,0,20.35,0
1086-LXKFY,California,Westwood,Female,0,1,0,1,1,0,1,0,0,0,0,0,0,0,1,1,69.1,1
1087-GRUYI,California,San Diego,Male,0,1,0,38,1,0,0,0,0,0,0,0,0,1,0,0,20.4,0
1087-UDSIH,California,Concord,Female,0,0,0,3,1,0,0,0,0,0,0,0,0,0,1,1,19.6,1
1088-AUUZZ,California,Shaver Lake,Male,0,1,1,56,1,1,1,1,1,0,1,0,1,1,1,0,75.85,0
1088-CNNKB,California,Campbell,Male,0,1,0,63,1,1,1,1,1,1,1,0,1,1,0,0,80,0
1089-HDMKP,California,Bridgeport,Male,1,0,1,11,1,0,1,0,1,0,1,0,0,0,1,1,54.55,0
1089-XZWHH,California,Lee Vining,Female,0,1,1,24,1,0,0,0,0,0,0,0,0,1,1,1,19.7,0
1090-ESELR,California,Fawnskin,Male,0,1,0,72,1,0,1,1,1,0,1,1,1,1,0,0,105.5,0
1090-PYKCI,California,Boonville,Female,0,1,1,69,1,1,1,1,1,1,1,1,0,1,1,0,105.1,0
1091-SOZGA,California,La Palma,Female,0,1,0,56,1,1,1,0,0,1,0,1,1,1,1,0,99.8,0
1092-GANHU,California,Magalia,Male,0,0,0,17,1,0,1,0,0,1,0,0,0,0,1,1,76.65,1
1092-WPIVQ,California,French Gulch,Female,0,1,1,18,1,1,0,0,0,0,0,0,0,1,0,1,25.1,0
1093-YSWCA,California,Corona,Male,0,0,0,11,1,0,0,0,0,0,0,0,0,1,0,0,19.55,0
1094-BKOSX,California,Coleville,Female,0,1,1,45,0,0,1,0,1,1,1,0,1,1,0,0,51,0
1095-JUDTC,California,Woodbridge,Female,1,0,0,47,1,1,1,0,1,0,1,1,0,0,1,1,95.05,1
1095-WGNGG,California,San Pedro,Female,0,1,0,61,1,1,1,0,1,0,0,1,1,1,1,0,101.05,0
1096-ADRUX,California,Placentia,Female,0,1,1,66,1,1,1,0,0,0,0,0,0,1,1,0,74.25,0
1097-FSPVW,California,Pioneertown,Female,0,0,0,42,1,0,1,1,0,1,0,0,0,0,0,0,54.55,0
1098-KFQEC,California,Enci0,Female,0,1,1,55,1,0,0,0,0,0,0,0,0,1,0,0,19.4,0
1098-TDVUQ,California,Spring Valley,Female,0,0,0,1,1,0,0,0,0,0,0,0,0,0,1,0,19.25,0
1099-BTKWT,California,Mission Viejo,Female,0,1,0,68,0,0,1,1,0,1,0,1,1,1,1,1,54.4,0
1099-GODLO,California,Berkeley,Female,0,1,1,1,1,0,0,0,0,0,0,0,0,1,0,1,20.35,0
1100-DDVRV,California,Twain Harte,Male,0,1,0,17,0,0,1,0,1,0,0,1,1,0,1,1,49.8,0
1101-SSWAG,California,Berkeley,Female,0,1,0,15,1,1,1,0,0,0,0,0,0,0,1,1,51.1,0
1104-FEJAM,California,Richgrove,Male,0,1,1,28,1,1,1,0,1,0,0,0,1,0,0,1,64.4,0
1104-TNLZA,California,Klamath River,Male,1,1,0,28,1,1,1,0,1,0,1,1,1,0,1,1,105.8,0
1106-HRLKZ,California,Oakley,Male,0,1,1,40,1,0,0,0,0,0,0,0,0,1,0,1,19.6,0
1110-KYLGQ,California,Campbell,Female,0,0,0,63,1,1,1,1,1,1,0,1,1,0,0,0,108.25,0
1112-CUNAO,California,Grimes,Female,1,0,0,15,1,1,1,0,1,0,0,0,1,0,0,1,89.85,1
1113-IUJYX,California,Winnetka,Female,0,1,0,14,1,0,1,1,1,0,1,1,1,1,0,1,105.95,1
1114-CENIM,California,San Jacinto,Male,0,0,1,54,1,1,1,0,1,0,0,0,0,0,1,0,55,1
1116-DXXDF,California,Porter Ranch,Male,0,0,0,39,1,0,1,1,0,1,0,1,1,1,1,1,100.45,0
1116-FRYVH,California,Kingsburg,Female,0,1,1,48,0,0,1,1,1,0,1,0,0,1,0,1,39.4,0
1120-BMWUB,California,Los Angeles,Female,0,0,0,16,1,0,1,0,1,0,1,0,0,0,1,1,53.9,1
1121-QSIVB,California,Bakersfield,Female,0,0,1,44,1,1,1,0,1,0,0,1,1,1,1,1,77.55,0
1122-JWTJW,California,Ocotillo,Male,0,1,1,1,1,0,1,0,0,0,0,0,0,0,1,1,70.65,1
1122-YJBCS,California,Los Angeles,Male,0,1,0,69,1,0,1,1,1,0,0,0,0,1,1,0,53.65,0
1125-SNVCK,California,Los Angeles,Female,1,0,0,49,1,0,1,0,0,0,0,0,0,0,0,1,43.8,0
1131-ALZWV,California,San Lorenzo,Female,0,0,0,24,1,1,0,0,0,0,0,0,0,1,0,0,24.6,0
1131-QQZEB,California,Sunset Beach,Male,1,1,0,71,1,1,0,0,0,0,0,0,0,1,0,0,23.95,0
1131-SUEKT,California,Hood,Male,0,1,1,61,1,0,1,0,1,0,1,1,1,1,1,0,98.45,0
1133-KXCGE,California,Palmdale,Female,0,0,0,18,1,0,0,0,0,0,0,0,0,1,0,1,20.1,0
1134-YWTYF,California,Fres0,Male,0,1,0,27,1,0,1,0,1,0,1,0,0,0,1,1,53.8,0
1135-HIORI,California,Byron,Female,0,1,1,64,1,1,1,0,1,1,1,1,1,1,1,1,111.45,0
1135-LMECX,California,More0 Valley,Female,0,0,0,1,1,0,0,0,0,0,0,0,0,0,0,1,19.85,0
1136-XGEQU,California,Winchester,Female,0,1,0,50,1,1,1,0,1,1,1,1,1,1,1,0,84.15,0
1137-DGOWI,California,Coachella,Female,0,1,0,30,1,0,1,0,1,1,1,0,1,1,0,0,70.25,0
1139-WUOAH,California,Vallecito,Male,0,0,0,57,0,0,1,0,0,1,1,1,1,1,0,0,53.35,0
1140-UKVZG,California,Farmersville,Female,0,0,0,17,1,1,0,0,0,0,0,0,0,0,0,1,24.8,0
1142-IHLOO,California,San Diego,Female,0,0,0,51,1,0,1,0,0,0,0,1,1,1,0,0,87.55,0
1142-WACZW,California,Chico,Male,0,0,0,2,0,0,1,0,0,0,1,0,0,0,0,0,29.85,1
1143-NMNQJ,California,Boulder Creek,Female,0,0,0,2,1,1,1,0,0,0,0,0,1,0,1,1,85.7,1
1150-FTQGN,California,Oregon House,Female,0,1,1,60,1,1,1,1,1,0,0,1,0,1,0,0,94.15,0
1150-WFARN,California,Brawley,Female,0,1,0,67,1,1,1,1,0,1,1,1,1,1,1,0,108.75,1
1153-G0LC,California,Santa Ana,Male,0,0,0,33,0,0,1,0,1,0,0,1,0,1,1,1,39.1,0
1154-HYWWO,California,San Clemente,Male,0,0,0,38,1,0,1,1,1,0,1,1,0,1,0,1,70.6,0
1156-ZFYDO,California,Glendale,Female,0,0,0,1,1,0,0,0,0,0,0,0,0,0,0,1,19.75,0
1157-BQCUW,California,Fall River Mills,Male,0,0,0,1,1,1,1,0,0,0,0,0,0,0,1,1,74.95,1
1159-WFSGR,California,South Pasadena,Female,0,1,1,16,1,0,0,0,0,0,0,0,0,0,0,1,20.4,0
1162-ECVII,California,Fres0,Male,1,1,0,72,1,1,1,0,1,1,1,1,1,1,1,0,109.75,0
1163-ONYEY,California,Shoshone,Male,0,1,1,41,1,1,1,1,1,1,0,1,0,0,1,0,74.55,0
1163-VIPRI,California,Garberville,Female,0,1,1,65,1,1,1,1,0,1,1,1,1,1,0,1,109.3,0
1166-PQLGG,California,Redwood City,Female,0,1,1,72,1,0,0,0,0,0,0,0,0,1,0,0,19.55,0
1167-OYZJF,California,Santa Monica,Female,1,1,0,67,1,0,0,0,0,0,0,0,0,1,1,0,20.05,0
1169-SAOCL,California,Brookdale,Male,0,0,0,49,1,1,1,0,1,0,1,1,1,1,1,0,106.65,0
1169-WCVAK,California,Fres0,Male,0,1,0,19,1,1,1,1,1,0,1,0,0,0,1,0,88.8,0
1170-SASML,California,Desert Hot Springs,Female,0,1,0,69,1,1,1,0,1,1,0,0,0,0,1,0,85.4,0
1171-TYKUR,California,Los Angeles,Male,0,1,0,47,1,1,0,0,0,0,0,0,0,0,0,1,25.4,0
1172-VIYBP,California,Cathedral City,Male,0,1,1,53,1,1,1,1,1,0,0,0,1,1,0,0,69.7,0
1173-0EYG,California,Santa Margarita,Female,0,1,0,27,1,1,1,0,0,1,0,0,1,0,0,0,90.15,0
1173-XZPYF,California,Torrance,Female,0,0,0,11,1,1,1,0,0,1,0,1,0,0,1,1,89.2,0
1174-FGIFN,California,Squaw Valley,Female,0,1,1,28,1,1,1,0,0,0,1,0,1,1,1,1,90.45,0
1177-XZBJL,California,Palermo,Male,0,1,1,53,1,1,1,1,1,0,1,0,0,1,0,0,64.15,0
1178-PZGAB,California,Sun City,Female,0,0,0,19,1,0,0,0,0,0,0,0,0,1,0,0,20.25,0
1179-INLAT,California,Santa Clara,Male,0,0,0,3,1,0,0,0,0,0,0,0,0,1,1,1,19.45,0
1183-CANVH,California,Mendota,Female,0,1,0,23,1,0,1,0,0,0,1,1,0,1,0,0,60,0
1184-PJVDB,California,Amador City,Male,0,1,0,10,1,0,1,0,0,0,0,1,0,0,1,1,79.95,1
1187-WILMM,California,Lindsay,Male,0,1,0,63,1,1,1,1,1,1,1,1,1,1,1,0,89.4,0
1193-RTSLK,California,Happy Camp,Female,0,0,0,38,1,0,1,1,1,1,0,0,0,0,1,0,83.9,1
1194-BHJYC,California,Lockwood,Male,0,1,0,61,0,0,1,1,0,1,1,1,1,1,1,1,62.15,0
1194-HVAIF,California,Capistra0 Beach,Female,0,1,0,27,1,1,1,0,0,0,0,1,1,0,0,0,95,0
1194-SPVSP,California,Soquel,Male,0,0,0,1,1,0,0,0,0,0,0,0,0,0,0,0,19.65,0
1195-OIYEJ,California,La Puente,Male,0,0,0,13,1,0,1,0,0,0,0,1,1,0,1,1,91.1,1
1196-AMORA,California,Big Creek,Male,0,0,0,7,1,1,1,0,0,0,0,0,0,0,0,1,73.6,1
1197-BVMVG,California,Friant,Female,1,0,0,4,1,1,1,0,0,0,0,0,0,0,1,1,74.45,0
1200-TUZHR,California,Posey,Female,1,0,0,8,1,1,1,0,0,0,0,0,1,0,0,1,85.2,0
1202-KKGFU,California,Korbel,Female,0,1,0,12,1,0,1,1,0,0,1,0,0,0,0,0,54.2,0
1205-WNWPJ,California,Lakehead,Female,0,0,0,7,1,0,1,0,0,0,1,1,0,0,1,1,59.5,1
1206-EHBDD,California,Rodeo,Female,0,1,0,56,1,0,1,1,0,1,0,0,0,1,0,0,80.3,0
1207-BLKSA,California,Redwood City,Female,0,1,1,52,1,1,0,0,0,0,0,0,0,1,0,1,23.05,0
1208-DNHLN,California,Grizzly Flats,Male,0,1,0,23,1,1,1,0,0,0,0,0,0,1,1,0,48.35,1
1208-NBVFH,California,Perris,Male,0,1,1,20,1,0,1,0,0,1,0,0,0,0,1,1,49.6,0
1209-VFFOC,California,Brisbane,Male,0,1,1,68,0,0,1,1,1,1,1,0,1,1,1,1,56.4,0
1212-GLHMD,California,San Joaquin,Male,0,0,0,3,1,0,1,1,0,0,0,0,1,0,1,1,86.05,0
1213-NGCUN,California,San Diego,Female,0,0,0,6,1,0,1,0,0,0,1,0,0,0,1,0,49.65,1
1215-EXRMO,California,Junction City,Male,0,1,0,50,1,0,0,0,0,0,0,0,0,1,0,1,20.55,0
1215-FIGMP,California,Los Angeles,Male,0,0,0,60,1,1,1,0,1,0,0,1,0,0,1,0,89.9,0
1215-VFYVK,California,Groveland,Female,0,0,0,4,0,0,1,1,0,1,1,0,1,0,0,1,48.25,0
1216-BGTSP,California,Imperial,Male,0,0,0,45,1,1,1,1,0,1,1,1,1,0,1,0,108.45,0
1216-JWVUX,California,San Miguel,Male,0,1,1,25,1,0,1,0,1,0,0,0,0,0,1,1,75.5,0
1217-VASWC,California,Avila Beach,Male,1,1,0,43,1,0,1,0,1,1,0,1,1,1,1,0,100.55,0
1218-VKFPE,California,Anaheim,Female,0,1,0,12,1,0,0,0,0,0,0,0,0,0,0,1,19,1
1219-NNDDO,California,Los Angeles,Female,0,0,0,9,1,1,1,0,0,0,0,0,0,0,1,1,76.85,0
1221-GHZEP,California,Hemet,Female,0,0,0,62,1,0,1,1,0,0,1,0,1,1,1,1,65.1,0
1222-KJNZD,California,Palos Verdes Peninsula,Male,0,1,1,40,1,0,0,0,0,0,0,0,0,0,1,0,20.4,0
1222-LRYKO,California,Posey,Male,0,0,1,6,1,1,0,0,0,0,0,0,0,0,0,1,26.35,0
1223-UNPKS,California,Wendel,Male,0,1,1,20,1,0,0,0,0,0,0,0,0,1,0,1,20.05,0
1226-IENZN,California,Los Angeles,Male,1,0,0,16,1,0,1,0,0,0,0,0,1,0,1,1,78.75,0
1226-JZNKR,California,Santa Ynez,Female,0,1,0,8,1,0,0,0,0,0,0,0,0,1,0,1,19.8,0
1226-UDFZR,California,Lafayette,Female,0,0,0,2,1,0,1,0,1,0,0,0,0,0,1,1,49.6,1
1227-UDMZR,California,Fremont,Female,0,1,0,72,1,1,1,1,1,1,1,1,1,1,1,0,91.15,0
1228-FZFRV,California,Los Angeles,Male,0,1,0,50,1,1,1,1,0,1,0,1,1,0,0,0,105.95,1
1228-ZLNBX,California,Farmington,Male,0,0,0,21,1,1,1,0,0,0,0,0,0,0,0,1,75.3,0
1229-RCALF,California,San Jose,Female,0,1,0,64,1,1,1,1,1,1,1,1,1,1,1,1,115,0
1230-QAJDW,California,Somes Bar,Male,0,0,0,3,1,1,1,0,0,0,1,1,0,0,1,1,65.25,0
1231-YNDEK,California,Redding,Male,0,0,0,58,1,0,0,0,0,0,0,0,0,1,1,0,19.15,0
1236-WFCDV,California,Greenbrae,Male,1,0,0,14,1,0,1,0,0,0,0,1,1,0,0,0,90.45,1
1237-WIYYZ,California,Los Angeles,Female,0,0,0,18,1,0,0,0,0,0,0,0,0,0,1,1,19.55,0
1240-HCBOH,California,Windsor,Female,0,0,0,67,1,1,0,0,0,0,0,0,0,1,1,1,26.1,0
1240-KNSEZ,California,San Diego,Male,0,0,0,1,1,0,0,0,0,0,0,0,0,0,1,1,20.1,1
1241-EZFMJ,California,Ontario,Male,0,1,0,61,1,1,0,0,0,0,0,0,0,1,0,0,25.45,0
1241-FPMOF,California,Seal Beach,Male,0,0,0,52,1,0,0,0,0,0,0,0,0,1,0,1,19.65,0
1245-HARPS,California,Janesville,Female,0,1,0,14,1,0,0,0,0,0,0,0,0,1,0,1,20.4,0
1247-QBVSH,California,Santa Margarita,Female,0,1,1,43,1,0,1,0,1,0,0,0,0,0,0,1,50.2,0
1248-DYXUB,California,Lemon Grove,Male,0,1,1,52,1,1,0,0,0,0,0,0,0,1,0,1,24.8,0
1251-KRREG,California,0rth Hollywood,Male,0,0,0,2,1,1,1,0,1,0,0,0,0,0,1,1,54.4,1
1251-STYSZ,California,Glenhaven,Female,1,0,0,4,1,1,1,1,0,0,0,0,0,0,1,1,80.25,0
1254-IZEYF,California,Cutler,Female,1,0,0,31,1,1,1,0,1,0,0,1,1,0,1,1,99.95,1
1257-SXUXQ,California,Jenner,Male,0,1,1,5,1,0,0,0,0,0,0,0,0,0,0,1,19.45,0
1258-YMZNM,California,Montara,Female,1,0,0,27,1,1,1,1,1,1,0,1,1,1,1,0,110.5,0
1260-TTRXI,California,Planada,Male,0,0,0,4,1,0,1,0,0,0,0,0,1,0,0,1,54.3,1
1261-FWTTE,California,Los Angeles,Male,1,0,0,23,0,0,1,0,0,0,0,0,1,0,1,0,34.65,0
1262-OPMFY,California,Likely,Female,0,1,0,9,1,0,1,0,0,1,0,0,0,0,1,0,75.75,1
1264-BYWMS,California,La Grange,Male,0,0,0,55,1,1,1,0,0,0,0,1,1,0,1,1,96.8,1
1264-FUHCX,California,San Diego,Female,0,1,0,49,0,0,1,0,1,0,1,1,1,1,1,0,56.3,0
1265-BCFEO,California,Alamo,Female,0,1,0,71,1,1,1,0,0,1,1,1,1,1,1,0,80.45,0
1265-HVPZB,California,Winnetka,Male,0,1,0,59,1,0,1,1,1,1,0,1,0,1,0,0,66.4,0
1265-XTECC,California,Madera,Female,1,1,0,68,1,1,1,1,1,0,0,0,1,1,1,0,96.55,1
1265-ZFOSD,California,Stonyford,Female,0,1,0,64,1,1,1,1,1,1,1,0,1,1,1,1,81.3,0
1266-NZYUI,California,Lee Vining,Female,0,1,0,72,1,1,1,1,0,1,1,0,0,1,0,0,66.85,0
1268-ASBGA,California,Huntington Park,Female,1,1,0,16,1,1,1,0,0,0,0,0,1,0,1,0,85.35,1
1269-FOYWN,California,Phillipsville,Male,0,1,1,44,1,0,0,0,0,0,0,0,0,1,0,0,20,0
1270-XKUCC,California,San Diego,Female,0,1,1,30,1,0,0,0,0,0,0,0,0,1,0,1,19.7,0
1271-SJBGZ,California,Forest K0lls,Male,1,0,0,12,0,0,1,0,0,1,1,0,1,0,1,1,43.65,1
1271-UOD0,California,San Jose,Male,0,0,0,39,1,1,1,0,0,0,1,0,0,1,1,0,53.85,0
1272-ILHFG,California,La Habra,Male,0,1,1,15,1,0,0,0,0,0,0,0,0,1,0,1,19.65,0
1273-MTETI,California,Rancho Cucamonga,Female,1,0,0,4,1,1,1,0,0,1,0,0,1,0,1,1,88.85,1
1282-IHQAC,California,Sheep Ranch,Male,1,0,0,70,0,0,1,0,1,1,0,1,0,1,1,0,44.05,0
1285-OKIPP,California,Mission Hills,Male,0,0,1,1,1,0,1,0,0,0,0,0,1,0,0,1,79.9,1
1291-CUOCY,California,Yorkville,Male,0,1,0,72,1,1,1,0,1,1,1,1,1,1,1,0,110.6,0
1293-BSEUN,California,Volca0,Female,0,1,1,72,1,0,0,0,0,0,0,0,0,1,1,1,20.7,0
1293-HHSHJ,California,Montrose,Female,0,0,0,35,1,0,0,0,0,0,0,0,0,1,0,1,21.1,0
1297-VQDRP,California,Foothill Ranch,Male,1,1,1,68,1,1,1,0,0,1,1,1,1,1,1,0,107.15,0
1298-PHBTI,California,Los Angeles,Male,0,1,1,71,1,1,1,0,1,0,1,0,0,1,1,1,84.8,0
1299-AURJA,California,Twain Harte,Female,0,1,1,70,1,1,0,0,0,0,0,0,0,1,0,0,24.7,0
1301-LOPVR,California,0rth Hollywood,Male,0,1,1,29,0,0,1,1,1,1,1,0,1,1,1,0,55.35,0
1302-TPUBN,California,West Sacramento,Male,0,0,0,66,1,0,0,0,0,0,0,0,0,1,0,0,19.35,0
1302-UHBDD,California,Ladera Ranch,Male,1,0,0,20,1,0,1,0,0,0,0,1,1,0,0,1,89.95,0
1303-SRDOK,California,Rio Dell,Female,0,1,1,55,1,0,1,0,0,0,0,0,0,1,1,0,69.05,0
1304-BCCFO,California,Redlands,Male,0,1,0,9,1,0,1,0,0,1,0,1,1,0,1,1,70.05,0
1304-NECVQ,California,Somis,Female,1,0,0,2,1,1,1,0,0,1,0,0,0,0,1,1,78.55,1
1304-SEGFY,California,National City,Female,0,1,0,72,1,1,1,0,0,1,0,1,1,1,1,1,97.85,0
1306-RPWXZ,California,Mc Farland,Female,0,0,1,49,1,0,0,0,0,0,0,0,0,1,0,0,20.45,0
1307-ATKGB,California,Santa Clara,Male,0,0,0,24,1,0,1,0,1,1,0,0,1,0,1,1,89.55,0
1307-TVUFB,California,Santa Ynez,Male,1,0,0,42,1,1,1,0,1,0,0,0,0,0,1,0,79.35,0
1309-BXVOQ,California,Old Station,Male,0,1,0,21,1,1,1,0,0,1,1,1,1,0,1,1,106.1,1
1309-XGFSN,California,Pi0n Hills,Male,1,1,1,52,1,1,1,0,1,1,0,1,1,1,1,1,80.85,0
1310-QRITU,California,Hinkley,Female,0,0,0,18,1,1,1,0,0,0,0,0,0,0,1,1,50.3,0
1319-YLZJG,California,Dutch Flat,Male,0,1,0,12,1,0,1,1,1,1,0,0,0,0,1,1,84.6,0
1320-GVNHT,California,Glendale,Male,0,1,1,72,1,1,1,1,1,1,0,1,1,1,1,0,108.4,0
1320-HTRDR,California,Fellows,Female,0,0,0,3,1,1,1,0,0,0,0,0,0,0,1,1,75.5,1
1320-REHCS,California,Inglewood,Male,1,0,0,52,1,1,1,0,1,1,1,1,1,0,1,1,110.75,0
1322-AGOQM,California,Mather,Male,0,0,0,46,0,0,1,0,1,0,0,0,0,0,0,0,30.3,1
1323-OOEPC,California,Prather,Female,0,1,0,53,1,1,1,0,1,0,0,1,1,0,1,0,98.4,1
1324-NLTJE,California,Emeryville,Female,1,0,0,15,1,1,1,0,0,0,1,0,0,0,0,0,55,1
1325-USMEC,California,Pearblossom,Male,0,1,0,70,1,1,1,1,1,1,0,1,0,1,1,0,99.35,0
1328-EUZHC,California,Carson,Female,0,1,0,18,1,0,0,0,0,0,0,0,0,1,0,1,20.1,0
1329-VHWNP,California,Grover Beach,Female,0,0,0,7,0,0,1,0,0,0,0,0,0,0,0,0,25.05,0
1333-PBMXB,California,Santa Ana,Female,0,1,1,54,1,1,0,0,0,0,0,0,0,1,1,0,24.75,0
1334-FJSVR,California,Sequoia National Park,Male,0,0,0,1,0,0,1,0,0,0,0,0,0,0,1,1,24.25,1
1334-PDUKM,California,Palomar Mountain,Female,0,1,0,68,1,1,1,0,1,1,0,0,0,1,0,0,86.45,0
1335-HQMKX,California,Los Angeles,Female,0,1,0,72,1,1,1,0,1,1,0,1,1,1,1,1,101.35,0
1335-MXCSE,California,Shoshone,Male,0,1,1,55,1,0,1,0,0,1,1,0,0,1,1,0,55.25,0
1335-NTIUC,California,Pacoima,Male,0,0,0,9,0,0,1,0,0,0,0,0,0,0,1,1,24.95,0
1336-EZFZY,California,Kings Beach,Female,0,0,0,4,1,0,0,0,0,0,0,0,0,0,0,1,20.05,0
1337-BOZWO,California,Canby,Male,0,1,1,18,0,0,1,0,1,1,0,1,0,1,0,0,46.4,0
1338-CECEE,California,Mount Hermon,Male,0,1,0,41,1,1,1,0,1,1,0,1,0,1,0,0,68.5,0
1342-JPNKI,California,Lake Forest,Male,0,0,0,10,1,1,1,0,0,0,0,1,0,0,1,0,86.05,1
1343-EHPYB,California,Ranchita,Male,0,1,0,63,1,1,1,0,1,1,0,1,1,0,1,1,103.4,1
1345-GKDZZ,California,Riverside,Male,0,0,1,6,1,0,0,0,0,0,0,0,0,0,0,1,19.55,0
1345-ZUKID,California,Magalia,Male,0,0,0,14,1,0,0,0,0,0,0,0,0,1,0,1,19.35,0
1346-PJWTK,California,Corona,Male,0,1,0,61,1,0,1,0,1,1,1,0,1,0,0,0,94.15,0
1346-UFHAX,California,Woodbridge,Female,0,0,0,13,1,1,1,1,0,0,0,0,0,0,1,0,80,0
1347-KTTTA,California,Canyon Country,Male,0,1,0,64,1,0,1,0,1,1,1,1,1,1,1,0,102.45,0
1349-WXNGG,California,Glendale,Male,0,0,0,1,1,0,0,0,0,0,0,0,0,0,0,0,20.05,1
1352-HNSAW,California,Aliso Viejo,Female,0,1,1,72,1,1,1,1,1,1,1,1,1,1,1,0,115.6,0
1352-VHKAJ,California,Berkeley,Male,0,1,1,27,1,1,1,0,0,0,1,1,1,0,0,0,71.6,0
1353-GHZOS,California,San Diego,Male,0,1,0,22,1,0,1,1,0,0,0,1,0,1,1,0,59.75,0
1353-LJWEM,California,Cottonwood,Male,0,0,0,11,1,0,1,0,1,1,1,0,0,0,1,1,60.9,0
1354-YZFNB,California,Mad River,Male,0,1,1,4,1,0,0,0,0,0,0,0,0,1,0,0,19.55,0
1355-KUSBG,California,Fall River Mills,Female,0,1,1,7,1,1,1,0,0,0,0,0,0,0,0,1,48.8,0
1356-MKYSK,California,Castro Valley,Male,0,0,0,6,1,0,1,1,0,1,1,1,1,0,0,0,78.65,0
1357-BIJKI,California,Mission Viejo,Male,0,1,0,50,1,1,1,0,1,0,0,1,1,1,1,1,98.25,0
1357-MVDOZ,California,Firebaugh,Male,0,1,1,11,1,0,1,0,0,1,0,1,0,0,1,0,59.65,0
1360-JYXKQ,California,South Gate,Female,1,1,0,54,1,0,1,0,0,1,1,1,1,1,1,1,99.1,0
1360-RCYRT,California,Forest K0lls,Male,0,1,1,23,0,0,1,0,0,0,1,0,0,0,1,0,30.35,0
1360-XFJMR,California,Washington,Female,0,1,0,67,1,1,1,0,1,1,1,1,1,1,1,0,109.7,0
1363-TXLSL,California,San Lucas,Male,1,1,0,1,1,0,1,0,0,0,0,0,0,0,1,1,70.3,1
1370-GGAWX,California,Beverly Hills,Female,0,0,0,46,1,1,1,0,1,1,0,0,1,1,1,1,94.15,0
1371-DWPAZ,California,Redcrest,Female,0,1,0,0,0,0,1,1,1,1,1,1,0,1,0,0,56.05,0
1371-OJCEK,California,Standish,Female,0,0,0,48,1,1,0,0,0,0,0,0,0,1,0,0,24.35,0
1371-WEPDS,California,Chowchilla,Male,1,1,0,40,1,0,1,0,0,0,0,0,1,1,0,1,55.8,0
1373-ORVIZ,California,Modesto,Female,0,1,0,11,1,1,1,0,0,0,1,0,1,0,1,1,66.35,1
1374-DMZUI,California,San Ramon,Female,1,0,0,4,1,1,1,0,0,0,0,1,1,0,1,1,94.3,1
1376-HHBDV,California,Santa Monica,Female,0,0,0,30,1,0,1,1,0,0,0,0,0,0,1,1,48.8,0
1379-FRVEB,California,San Bernardi0,Male,0,0,1,15,1,1,1,0,1,0,0,1,0,0,1,1,91,0
1383-EZRWL,California,Long Beach,Female,0,0,0,7,1,0,0,0,0,0,0,0,0,0,0,1,20.05,1
1384-RCUXW,California,French Gulch,Male,0,0,0,16,1,1,1,0,1,0,0,0,0,0,1,1,80.55,0
1385-TQOZW,California,Branscomb,Female,0,0,0,9,1,0,0,0,0,0,0,0,0,0,1,0,20.45,0
1386-ZIKUV,California,Glenhaven,Male,0,0,0,7,1,0,0,0,0,0,0,0,0,0,1,1,18.95,0
1389-CXMLU,California,Downey,Male,1,0,0,3,1,1,1,0,0,1,0,1,0,0,0,1,91.05,1
1389-WNUIB,California,San Diego,Female,0,1,1,20,1,1,1,1,0,0,0,1,1,1,0,0,76,0
1391-UBDAR,California,Riverside,Male,0,0,0,11,1,0,1,0,0,1,0,0,0,0,0,1,72.9,0
1393-IMKZG,California,Fullerton,Female,0,0,0,1,1,0,1,0,0,0,1,1,1,0,1,1,95.85,0
1394-SUIUH,California,Mount Shasta,Female,1,1,0,44,1,0,1,1,1,0,1,0,0,0,1,1,85.15,0
1395-OFUWC,California,Los Angeles,Male,0,1,1,43,0,0,1,0,1,0,0,0,0,0,0,0,29.3,0
1395-WSWXR,California,Weldon,Male,0,0,0,24,1,0,0,0,0,0,0,0,0,1,0,1,20.75,0
1396-QWFBJ,California,Rancho Santa Margarita,Female,0,1,0,21,1,0,1,0,1,0,0,0,0,0,1,0,74.05,1
1397-XKKWR,California,San Jose,Male,0,0,0,7,0,0,1,1,0,1,0,0,0,1,0,1,35.3,0
1399-OUPJN,California,Bellflower,Female,0,1,1,57,1,0,0,0,0,0,0,0,0,1,0,0,19.75,0
1399-UBQIU,California,Orange,Male,0,0,0,11,1,0,1,0,0,1,0,1,1,0,1,1,69.35,0
1400-MMYXY,California,Alhambra,Male,1,1,0,3,1,1,1,0,1,1,0,1,1,0,1,1,105.9,1
1400-WIVLL,California,Oakdale,Male,0,1,0,57,1,1,1,0,0,1,1,1,1,1,0,1,107.95,0
1401-FTHFQ,California,Culver City,Male,0,1,1,23,1,0,0,0,0,0,0,0,0,1,1,0,20,0
1402-PTHGN,California,Elk Grove,Female,0,1,1,18,1,0,1,1,1,0,1,0,0,1,1,1,61.5,0
1403-GYAFU,California,Irvine,Male,0,1,1,70,1,0,0,0,0,0,0,0,0,1,0,0,20.05,0
1403-LKLIK,California,Olympic Valley,Female,0,1,1,33,1,0,0,0,0,0,0,0,0,1,0,1,20.1,0
1406-PUQVY,California,Madison,Male,0,0,1,1,1,0,1,0,1,0,0,0,0,0,1,1,49.9,0
1407-DIGZV,California,Redding,Female,0,1,1,3,1,0,0,0,0,0,0,0,0,1,0,1,19.1,0
1409-PHXTF,California,Lemon Grove,Male,1,1,0,54,1,1,1,0,1,1,1,1,1,1,1,1,110.45,0
1410-RSCMR,California,Edwards,Male,0,1,1,7,1,0,1,1,0,1,1,0,1,0,1,0,71.35,0
1414-YADCW,California,Deer Park,Male,0,1,0,70,1,0,1,1,1,0,1,0,0,1,0,0,84.6,0
1415-YFWLT,California,Shaver Lake,Female,1,0,0,1,1,0,1,0,0,0,0,1,1,0,1,1,89.3,1
1421-HCERK,California,Lakeshore,Male,1,1,0,30,1,1,1,1,1,1,1,1,0,0,1,0,105.7,0
1422-DGUBX,California,Sacramento,Male,0,1,0,32,1,1,1,0,0,0,1,0,0,1,1,1,79.25,0
1423-BMPBQ,California,Anaheim,Female,0,1,1,1,1,0,0,0,0,0,0,0,0,0,1,1,19,0
1427-VERSM,California,Shasta,Female,0,1,0,56,1,0,1,0,0,1,1,1,1,0,1,1,98.7,0
1428-GTBJJ,California,Jenner,Male,0,0,0,11,1,0,1,0,1,0,0,0,0,0,1,1,74.55,1
1428-IEDPR,California,Sacramento,Male,0,0,0,52,1,1,1,1,0,1,1,1,1,1,1,1,109.3,0
1429-UYJSV,California,San Jose,Female,0,0,0,12,1,0,0,0,0,0,0,0,0,1,0,1,19.7,0
1430-SFQSA,California,Stockton,Male,0,0,0,29,0,0,1,1,0,0,1,0,0,1,0,1,35.6,0
1431-AIDJQ,California,Walnut Creek,Male,0,1,1,33,1,0,1,0,1,1,1,1,1,1,0,0,82.1,0
1431-CYWMH,California,Fish Camp,Female,0,1,1,22,1,0,0,0,0,0,0,0,0,0,0,0,19.05,0
1432-FPAXX,California,Beale Afb,Female,0,0,0,29,0,0,1,0,1,0,0,0,0,0,1,1,30.6,1
1436-ZMJAN,California,Gerber,Female,0,1,0,10,1,0,1,0,0,1,0,1,1,0,1,0,67.8,0
1439-LCGVL,California,Los Angeles,Female,0,1,0,26,1,0,0,0,0,0,0,0,0,1,0,1,19.2,0
1442-BQPVU,California,Culver City,Female,0,0,0,13,0,0,1,0,1,0,0,0,0,0,0,1,29.15,0
1442-OKRJE,California,Los Angeles,Male,0,1,1,66,1,0,1,1,1,1,0,1,1,1,1,0,103.15,0
1444-VVSGW,California,Los Moli0s,Male,0,1,0,70,1,1,1,1,1,1,1,1,1,1,0,0,115.65,1
1447-GIQMR,California,Los Angeles,Male,0,1,0,1,1,0,1,0,0,0,0,0,0,0,1,1,69.15,1
1447-PJGGA,California,San Diego,Female,0,0,0,57,1,0,1,0,0,1,0,1,1,1,1,1,95.25,1
1448-CYWKC,California,Coronado,Female,0,1,1,58,1,1,1,0,1,1,0,1,1,1,1,0,105.2,0
1448-PWKYE,California,Shafter,Male,0,1,0,1,1,0,1,0,0,0,0,0,1,0,0,1,80,1
1449-XQEMT,California,Susanville,Male,0,0,0,3,1,0,0,0,0,0,0,0,0,0,1,1,19.8,1
